"nummer","type","dest"
"100144","Intercity","Amsterdam Centraal"
"100146","Intercity","Amsterdam Centraal"
"100147","Intercity","Deventer"
"100148","Intercity","Amsterdam Centraal"
"100149","Intercity","Deventer"
"100241","Intercity","Deventer"
"104","ICE International","Amsterdam Centraal"
"11646","Intercity","Schiphol"
"11650","Intercity","Schiphol"
"11651","Intercity","Amersfoort Schothorst"
"11654","Intercity","Schiphol"
"11655","Intercity","Amersfoort Schothorst"
"11658","Intercity","Schiphol"
"11659","Intercity","Amersfoort Schothorst"
"11662","Intercity","Schiphol"
"11663","Intercity","Amersfoort Schothorst"
"11666","Intercity","Schiphol"
"11667","Intercity","Amersfoort Schothorst"
"11670","Intercity","Schiphol"
"11671","Intercity","Amersfoort Schothorst"
"11674","Intercity","Schiphol"
"11675","Intercity","Amersfoort Schothorst"
"11679","Intercity","Amersfoort Schothorst"
"11744","Intercity","Den Haag Centraal"
"11747","Intercity","Amersfoort Schothorst"
"11748","Intercity","Den Haag Centraal"
"11751","Intercity","Amersfoort Schothorst"
"11752","Intercity","Den Haag Centraal"
"11755","Intercity","Amersfoort Schothorst"
"11756","Intercity","Den Haag Centraal"
"11759","Intercity","Amersfoort Schothorst"
"11760","Intercity","Den Haag Centraal"
"11763","Intercity","Amersfoort Schothorst"
"11764","Intercity","Den Haag Centraal"
"11767","Intercity","Amersfoort Schothorst"
"11768","Intercity","Den Haag Centraal"
"11771","Intercity","Amersfoort Schothorst"
"11772","Intercity","Den Haag Centraal"
"11775","Intercity","Amersfoort Schothorst"
"11776","Intercity","Den Haag Centraal"
"11779","Intercity","Amersfoort Schothorst"
"11921","Stoptrein","Düren"
"11923","Stoptrein","Düren"
"11925","Stoptrein","Düren"
"11927","Stoptrein","Düren"
"11929","Stoptrein","Düren"
"11931","Stoptrein","Düren"
"11933","Stoptrein","Düren"
"11935","Stoptrein","Düren"
"11964","Stoptrein","Heerlen"
"11966","Stoptrein","Heerlen"
"11968","Stoptrein","Heerlen"
"11970","Stoptrein","Heerlen"
"11972","Stoptrein","Heerlen"
"11974","Stoptrein","Heerlen"
"11976","Stoptrein","Heerlen"
"11978","Stoptrein","Heerlen"
"122","ICE International","Amsterdam Centraal"
"124","ICE International","Amsterdam Centraal"
"12541","Intercity","Leeuwarden"
"12542","Intercity","Rotterdam Centraal"
"12545","Intercity","Leeuwarden"
"12546","Intercity","Rotterdam Centraal"
"12549","Intercity","Leeuwarden"
"12550","Intercity","Rotterdam Centraal"
"12553","Intercity","Leeuwarden"
"12554","Intercity","Rotterdam Centraal"
"12557","Intercity","Leeuwarden"
"12558","Intercity","Rotterdam Centraal"
"12561","Intercity","Leeuwarden"
"12562","Intercity","Rotterdam Centraal"
"12565","Intercity","Leeuwarden"
"12566","Intercity","Rotterdam Centraal"
"12569","Intercity","Leeuwarden"
"12570","Intercity","Rotterdam Centraal"
"12573","Intercity","Leeuwarden"
"12574","Intercity","Rotterdam Centraal"
"12577","Intercity","Leeuwarden"
"12578","Intercity","Rotterdam Centraal"
"12581","Intercity","Leeuwarden"
"126","ICE International","Amsterdam Centraal"
"12678","Intercity","Dordrecht"
"12680","Intercity","Roosendaal"
"12683","Intercity","Leeuwarden"
"12685","Intercity","Groningen"
"12687","Intercity","Leeuwarden"
"127","ICE International","Frankfurt (M) Hbf"
"12743","Intercity","Leeuwarden"
"12744","Intercity","Den Haag Centraal"
"12747","Intercity","Leeuwarden"
"12748","Intercity","Den Haag Centraal"
"12751","Intercity","Leeuwarden"
"12752","Intercity","Den Haag Centraal"
"12755","Intercity","Leeuwarden"
"12756","Intercity","Den Haag Centraal"
"12759","Intercity","Leeuwarden"
"12760","Intercity","Den Haag Centraal"
"12763","Intercity","Leeuwarden"
"12764","Intercity","Den Haag Centraal"
"12767","Intercity","Leeuwarden"
"12768","Intercity","Den Haag Centraal"
"12771","Intercity","Leeuwarden"
"12772","Intercity","Den Haag Centraal"
"12775","Intercity","Leeuwarden"
"12776","Intercity","Den Haag Centraal"
"12779","Intercity","Leeuwarden"
"129","ICE International","Frankfurt (M) Hbf"
"13647","Sprinter","Breda"
"13648","Sprinter","Utrecht Centraal"
"13649","Sprinter","Breda"
"13650","Sprinter","Utrecht Centraal"
"13651","Sprinter","Breda"
"13652","Sprinter","Utrecht Centraal"
"13653","Sprinter","Breda"
"13654","Sprinter","Utrecht Centraal"
"13655","Sprinter","Breda"
"13656","Sprinter","Utrecht Centraal"
"13657","Sprinter","Breda"
"13658","Sprinter","Utrecht Centraal"
"13659","Sprinter","Breda"
"13660","Sprinter","Utrecht Centraal"
"13661","Sprinter","Breda"
"13662","Sprinter","Utrecht Centraal"
"13663","Sprinter","Breda"
"13664","Sprinter","Utrecht Centraal"
"13665","Sprinter","Breda"
"13666","Sprinter","Utrecht Centraal"
"13667","Sprinter","Breda"
"13668","Sprinter","Utrecht Centraal"
"13669","Sprinter","Breda"
"13670","Sprinter","Utrecht Centraal"
"13671","Sprinter","Breda"
"13672","Sprinter","Utrecht Centraal"
"13673","Sprinter","Breda"
"13674","Sprinter","Utrecht Centraal"
"13675","Sprinter","Breda"
"13676","Sprinter","Utrecht Centraal"
"13677","Sprinter","Breda"
"13678","Sprinter","Utrecht Centraal"
"13847","Sneltrein","Coevorden"
"13849","Sneltrein","Coevorden"
"13851","Sneltrein","Coevorden"
"13853","Sneltrein","Coevorden"
"13855","Sneltrein","Coevorden"
"13864","Sneltrein","Zwolle"
"13866","Sneltrein","Zwolle"
"13868","Sneltrein","Zwolle"
"13870","Sneltrein","Zwolle"
"13872","Sneltrein","Zwolle"
"140","Intercity","Amsterdam Centraal"
"14152","Sprinter","Vlaardingen Centrum"
"14154","Sprinter","Vlaardingen Centrum"
"14156","Sprinter","Vlaardingen Centrum"
"14158","Sprinter","Vlaardingen Centrum"
"14160","Sprinter","Vlaardingen Centrum"
"14161","Sprinter","Rotterdam Centraal"
"14162","Sprinter","Vlaardingen Centrum"
"14163","Sprinter","Rotterdam Centraal"
"14164","Sprinter","Vlaardingen Centrum"
"14165","Sprinter","Rotterdam Centraal"
"14166","Sprinter","Vlaardingen Centrum"
"14167","Sprinter","Rotterdam Centraal"
"14169","Sprinter","Rotterdam Centraal"
"14171","Sprinter","Rotterdam Centraal"
"14173","Sprinter","Rotterdam Centraal"
"14175","Sprinter","Rotterdam Centraal"
"142","Intercity","Amsterdam Centraal"
"144","Intercity","Deventer"
"14554","Intercity","Enkhuizen"
"14556","Intercity","Enkhuizen"
"14558","Intercity","Enkhuizen"
"14560","Intercity","Enkhuizen"
"146","Intercity","Deventer"
"147","Intercity","Berlin Ostbahnhof"
"14864","Sprinter","Beverwijk"
"14866","Sprinter","Beverwijk"
"14868","Sprinter","Haarlem"
"14870","Sprinter","Beverwijk"
"14875","Sprinter","Beverwijk"
"14877","Sprinter","Beverwijk"
"14879","Sprinter","Beverwijk"
"14881","Sprinter","Beverwijk"
"14883","Sprinter","Beverwijk"
"149","Intercity","Berlin Ostbahnhof"
"15172","Sprinter","Den Haag Centraal"
"15175","Sprinter","Breda"
"15176","Sprinter","Den Haag Centraal"
"15179","Sprinter","Breda"
"1540","Intercity","Enkhuizen"
"1542","Intercity","Enkhuizen"
"1544","Intercity","Enkhuizen"
"1546","Intercity","Enkhuizen"
"1548","Intercity","Enkhuizen"
"1549","Intercity","Deventer"
"1550","Intercity","Enkhuizen"
"1551","Intercity","Amersfoort"
"1552","Intercity","Enkhuizen"
"1553","Intercity","Amsterdam Centraal"
"1554","Intercity","Enkhuizen"
"1555","Intercity","Amersfoort"
"1556","Intercity","Enkhuizen"
"1557","Intercity","Deventer"
"1558","Intercity","Enkhuizen"
"1559","Intercity","Deventer"
"1560","Intercity","Enkhuizen"
"1561","Intercity","Amersfoort"
"1562","Intercity","Enkhuizen"
"1563","Intercity","Deventer"
"1564","Intercity","Enkhuizen"
"1565","Intercity","Deventer"
"1566","Intercity","Enkhuizen"
"1567","Intercity","Amersfoort"
"1568","Intercity","Enkhuizen"
"1569","Intercity","Hengelo"
"1570","Intercity","Enkhuizen"
"1571","Intercity","Amersfoort"
"1573","Intercity","Amersfoort"
"1574","Intercity","Enkhuizen"
"1575","Intercity","Amersfoort"
"1576","Intercity","Enkhuizen"
"1577","Intercity","Amersfoort"
"1579","Intercity","Amersfoort"
"1581","Intercity","Amersfoort"
"16044","Sprinter","Utrecht Centraal"
"16046","Sprinter","Utrecht Centraal"
"16048","Sprinter","Utrecht Centraal"
"16049","Sprinter","Breda"
"16050","Sprinter","Utrecht Centraal"
"16051","Sprinter","Breda"
"16052","Sprinter","Utrecht Centraal"
"16053","Sprinter","Breda"
"16054","Sprinter","Utrecht Centraal"
"16055","Sprinter","Breda"
"16056","Sprinter","Utrecht Centraal"
"16057","Sprinter","Breda"
"16058","Sprinter","Utrecht Centraal"
"16059","Sprinter","Breda"
"16060","Sprinter","Utrecht Centraal"
"16061","Sprinter","Breda"
"16062","Sprinter","Utrecht Centraal"
"16063","Sprinter","Breda"
"16064","Sprinter","Utrecht Centraal"
"16065","Sprinter","Breda"
"16066","Sprinter","Utrecht Centraal"
"16067","Sprinter","Breda"
"16068","Sprinter","Utrecht Centraal"
"16069","Sprinter","Breda"
"16070","Sprinter","Utrecht Centraal"
"16071","Sprinter","Breda"
"16072","Sprinter","Utrecht Centraal"
"16073","Sprinter","Breda"
"16074","Sprinter","Utrecht Centraal"
"16075","Sprinter","Breda"
"16076","Sprinter","Utrecht Centraal"
"16077","Sprinter","Breda"
"16079","Sprinter","Breda"
"1644","Intercity","Schiphol"
"1645","Intercity","Enschede"
"1648","Intercity","Schiphol"
"1649","Intercity","Enschede"
"1652","Intercity","Schiphol"
"1653","Intercity","Enschede"
"1656","Intercity","Schiphol"
"1657","Intercity","Enschede"
"1660","Intercity","Schiphol"
"1661","Intercity","Enschede"
"1664","Intercity","Schiphol"
"1665","Intercity","Enschede"
"1668","Intercity","Schiphol"
"1669","Intercity","Enschede"
"1672","Intercity","Schiphol"
"1673","Intercity","Enschede"
"1676","Intercity","Schiphol"
"1677","Intercity","Enschede"
"1680","Intercity","Schiphol"
"1681","Intercity","Enschede"
"1743","Intercity","Enschede"
"17448","Sprinter","Breukelen"
"17450","Sprinter","Breukelen"
"17452","Sprinter","Breukelen"
"17453","Sprinter","Veenendaal Centrum"
"17454","Sprinter","Breukelen"
"17455","Sprinter","Veenendaal Centrum"
"17456","Sprinter","Breukelen"
"17457","Sprinter","Veenendaal Centrum"
"17458","Sprinter","Breukelen"
"17459","Sprinter","Veenendaal Centrum"
"1746","Intercity","Den Haag Centraal"
"17460","Sprinter","Breukelen"
"17461","Sprinter","Veenendaal Centrum"
"17462","Sprinter","Utrecht Centraal"
"17463","Sprinter","Veenendaal Centrum"
"17465","Sprinter","Utrecht Centraal"
"17467","Sprinter","Utrecht Centraal"
"1747","Intercity","Enschede"
"1750","Intercity","Den Haag Centraal"
"1751","Intercity","Enschede"
"1754","Intercity","Den Haag Centraal"
"1755","Intercity","Enschede"
"1758","Intercity","Rotterdam Centraal"
"1759","Intercity","Enschede"
"1762","Intercity","Rotterdam Centraal"
"1763","Intercity","Enschede"
"17651","Sprinter","Nijmegen"
"17652","Sprinter","Wijchen"
"17653","Sprinter","Nijmegen"
"17654","Sprinter","Wijchen"
"17655","Sprinter","Nijmegen"
"17656","Sprinter","Wijchen"
"17657","Sprinter","Nijmegen"
"17658","Sprinter","Wijchen"
"17659","Sprinter","Nijmegen"
"1766","Intercity","Rotterdam Centraal"
"17660","Sprinter","Wijchen"
"17661","Sprinter","Nijmegen"
"17662","Sprinter","Wijchen"
"17664","Sprinter","Wijchen"
"1767","Intercity","Enschede"
"1770","Intercity","Rotterdam Centraal"
"1771","Intercity","Enschede"
"1774","Intercity","Den Haag Centraal"
"1775","Intercity","Enschede"
"1778","Intercity","Den Haag Centraal"
"1779","Intercity","Enschede"
"17841","Stoptrein","Zutphen"
"17843","Stoptrein","Zutphen"
"17845","Stoptrein","Zutphen"
"17847","Stoptrein","Zutphen"
"17849","Stoptrein","Zutphen"
"17851","Stoptrein","Zutphen"
"17853","Stoptrein","Zutphen"
"17854","Stoptrein","Apeldoorn"
"17855","Stoptrein","Zutphen"
"17856","Stoptrein","Apeldoorn"
"17857","Stoptrein","Zutphen"
"17858","Stoptrein","Apeldoorn"
"17859","Stoptrein","Zutphen"
"17860","Stoptrein","Apeldoorn"
"17861","Stoptrein","Zutphen"
"17862","Stoptrein","Apeldoorn"
"17863","Stoptrein","Zutphen"
"17864","Stoptrein","Apeldoorn"
"17865","Stoptrein","Zutphen"
"17866","Stoptrein","Apeldoorn"
"17867","Stoptrein","Zutphen"
"17868","Stoptrein","Apeldoorn"
"17869","Stoptrein","Zutphen"
"17870","Stoptrein","Apeldoorn"
"17871","Stoptrein","Zutphen"
"17872","Stoptrein","Apeldoorn"
"17874","Stoptrein","Apeldoorn"
"17876","Stoptrein","Apeldoorn"
"17878","Stoptrein","Apeldoorn"
"17880","Stoptrein","Apeldoorn"
"17882","Stoptrein","Apeldoorn"
"17884","Stoptrein","Apeldoorn"
"1942","Intercity","Den Haag Centraal"
"1943","Intercity","Venlo"
"1944","Intercity","Den Haag Centraal"
"1945","Intercity","Venlo"
"1946","Intercity","Den Haag Centraal"
"1947","Intercity","Venlo"
"1948","Intercity","Den Haag Centraal"
"1949","Intercity","Venlo"
"1950","Intercity","Den Haag Centraal"
"1951","Intercity","Venlo"
"1952","Intercity","Den Haag Centraal"
"1953","Intercity","Venlo"
"1954","Intercity","Den Haag Centraal"
"19546","Sprinter","Leiden Centraal"
"19548","Sprinter","Leiden Centraal"
"1955","Intercity","Venlo"
"19550","Sprinter","Leiden Centraal"
"19552","Sprinter","Leiden Centraal"
"19553","Sprinter","Gouda"
"19554","Sprinter","Leiden Centraal"
"19555","Sprinter","Gouda"
"19556","Sprinter","Leiden Centraal"
"19557","Sprinter","Gouda"
"19558","Sprinter","Leiden Centraal"
"19559","Sprinter","Gouda"
"1956","Intercity","Den Haag Centraal"
"19560","Sprinter","Leiden Centraal"
"19561","Sprinter","Gouda"
"19562","Sprinter","Leiden Centraal"
"19563","Sprinter","Gouda"
"19564","Sprinter","Leiden Centraal"
"19565","Sprinter","Gouda"
"19567","Sprinter","Gouda"
"19569","Sprinter","Gouda"
"1957","Intercity","Venlo"
"19571","Sprinter","Alphen a/d Rijn"
"1958","Intercity","Den Haag Centraal"
"1959","Intercity","Venlo"
"1960","Intercity","Den Haag Centraal"
"1961","Intercity","Venlo"
"1962","Intercity","Den Haag Centraal"
"1963","Intercity","Venlo"
"1964","Intercity","Den Haag Centraal"
"1965","Intercity","Venlo"
"1966","Intercity","Den Haag Centraal"
"1967","Intercity","Venlo"
"1968","Intercity","Den Haag Centraal"
"1969","Intercity","Venlo"
"1970","Intercity","Den Haag Centraal"
"1971","Intercity","Venlo"
"1972","Intercity","Den Haag Centraal"
"1973","Intercity","Venlo"
"1974","Intercity","Den Haag Centraal"
"1975","Intercity","Venlo"
"1976","Intercity","Den Haag Centraal"
"1977","Intercity","Venlo"
"1978","Intercity","Den Haag Centraal"
"1979","Intercity","Venlo"
"1980","Intercity","Den Haag Centraal"
"1981","Intercity","Venlo"
"19842","Sprinter","Den Haag Centraal"
"19844","Sprinter","Den Haag Centraal"
"19846","Sprinter","Den Haag Centraal"
"19848","Sprinter","Den Haag Centraal"
"19850","Sprinter","Den Haag Centraal"
"19851","Sprinter","Gouda Goverwelle"
"19852","Sprinter","Den Haag Centraal"
"19853","Sprinter","Gouda Goverwelle"
"19854","Sprinter","Den Haag Centraal"
"19855","Sprinter","Gouda Goverwelle"
"19856","Sprinter","Den Haag Centraal"
"19857","Sprinter","Gouda Goverwelle"
"19858","Sprinter","Den Haag Centraal"
"19859","Sprinter","Gouda Goverwelle"
"19860","Sprinter","Den Haag Centraal"
"19861","Sprinter","Gouda Goverwelle"
"19862","Sprinter","Den Haag Centraal"
"19863","Sprinter","Gouda Goverwelle"
"19864","Sprinter","Den Haag Centraal"
"19865","Sprinter","Gouda Goverwelle"
"19866","Sprinter","Den Haag Centraal"
"19867","Sprinter","Gouda Goverwelle"
"19868","Sprinter","Den Haag Centraal"
"19869","Sprinter","Gouda Goverwelle"
"19871","Sprinter","Gouda Goverwelle"
"19873","Sprinter","Gouda Goverwelle"
"19875","Sprinter","Gouda Goverwelle"
"20083","Stoptrein","Hamm (Westf.)"
"20085","Stoptrein","Hamm (Westf.)"
"20087","Stoptrein","Hamm (Westf.)"
"20089","Stoptrein","Hamm (Westf.)"
"20091","Stoptrein","Hamm (Westf.)"
"20093","Stoptrein","Hagen Hbf"
"20095","Stoptrein","Düsseldorf Hbf"
"20097","Stoptrein","Düsseldorf Hbf"
"20140","Stoptrein","Groningen"
"20142","Stoptrein","Groningen"
"20143","Stoptrein","Leer (Ostfriesland)"
"20144","Stoptrein","Groningen"
"20145","Stoptrein","Leer (Ostfriesland)"
"20146","Stoptrein","Groningen"
"20147","Stoptrein","Leer (Ostfriesland)"
"20148","Stoptrein","Groningen"
"20149","Stoptrein","Leer (Ostfriesland)"
"20150","Stoptrein","Groningen"
"20151","Stoptrein","Leer (Ostfriesland)"
"20152","Stoptrein","Groningen"
"20153","Stoptrein","Leer (Ostfriesland)"
"20154","Stoptrein","Groningen"
"20155","Stoptrein","Leer (Ostfriesland)"
"20157","Stoptrein","Leer (Ostfriesland)"
"2042","Intercity","Den Haag Centraal"
"2044","Intercity","Den Haag Centraal"
"2046","Intercity","Den Haag Centraal"
"2048","Intercity","Den Haag Centraal"
"2050","Intercity","Den Haag Centraal"
"2051","Intercity","Utrecht Centraal"
"2052","Intercity","Den Haag Centraal"
"2053","Intercity","Utrecht Centraal"
"2054","Intercity","Den Haag Centraal"
"2055","Intercity","Utrecht Centraal"
"2056","Intercity","Den Haag Centraal"
"205661","Sprinter","Zwolle"
"2057","Intercity","Utrecht Centraal"
"2058","Intercity","Den Haag Centraal"
"2059","Intercity","Utrecht Centraal"
"2060","Intercity","Den Haag Centraal"
"2061","Intercity","Utrecht Centraal"
"2062","Intercity","Den Haag Centraal"
"2063","Intercity","Utrecht Centraal"
"2064","Intercity","Den Haag Centraal"
"2065","Intercity","Utrecht Centraal"
"2066","Intercity","Den Haag Centraal"
"2067","Intercity","Utrecht Centraal"
"2068","Intercity","Den Haag Centraal"
"2069","Intercity","Utrecht Centraal"
"2070","Intercity","Den Haag Centraal"
"2071","Intercity","Utrecht Centraal"
"2073","Intercity","Utrecht Centraal"
"2075","Intercity","Utrecht Centraal"
"2077","Intercity","Utrecht Centraal"
"2079","Intercity","Utrecht Centraal"
"20869","Intercity","Heerlen"
"20878","Intercity","Sittard"
"20882","Intercity","Sittard"
"2140","Intercity","Amsterdam Centraal"
"2142","Intercity","Amsterdam Centraal"
"2144","Intercity","Amsterdam Centraal"
"2146","Intercity","Amsterdam Centraal"
"2148","Intercity","Amsterdam Centraal"
"2150","Intercity","Amsterdam Centraal"
"2152","Intercity","Amsterdam Centraal"
"2153","Intercity","Den Haag Centraal"
"2154","Intercity","Amsterdam Centraal"
"2155","Intercity","Den Haag Centraal"
"2156","Intercity","Amsterdam Centraal"
"2157","Intercity","Den Haag Centraal"
"2158","Intercity","Amsterdam Centraal"
"2159","Intercity","Den Haag Centraal"
"2160","Intercity","Amsterdam Centraal"
"2161","Intercity","Den Haag Centraal"
"2162","Intercity","Amsterdam Centraal"
"2163","Intercity","Den Haag Centraal"
"2164","Intercity","Amsterdam Centraal"
"2165","Intercity","Den Haag Centraal"
"2166","Intercity","Amsterdam Centraal"
"2167","Intercity","Den Haag Centraal"
"2168","Intercity","Amsterdam Centraal"
"2169","Intercity","Den Haag Centraal"
"2170","Intercity","Amsterdam Centraal"
"2171","Intercity","Den Haag Centraal"
"2173","Intercity","Den Haag Centraal"
"2175","Intercity","Den Haag Centraal"
"2177","Intercity","Den Haag Centraal"
"2179","Intercity","Den Haag Centraal"
"2181","Intercity","Den Haag Centraal"
"2183","Intercity","Den Haag Centraal"
"2185","Intercity","Den Haag Centraal"
"223","ICE International","Köln Hbf"
"2238","Intercity","Amsterdam Centraal"
"2240","Intercity","Amsterdam Centraal"
"2242","Intercity","Amsterdam Centraal"
"2244","Intercity","Amsterdam Centraal"
"2246","Intercity","Amsterdam Centraal"
"2248","Intercity","Amsterdam Centraal"
"2250","Intercity","Amsterdam Centraal"
"2251","Intercity","Dordrecht"
"2252","Intercity","Amsterdam Centraal"
"2253","Intercity","Dordrecht"
"2254","Intercity","Amsterdam Centraal"
"2255","Intercity","Dordrecht"
"2256","Intercity","Amsterdam Centraal"
"2257","Intercity","Dordrecht"
"2258","Intercity","Amsterdam Centraal"
"2259","Intercity","Dordrecht"
"2260","Intercity","Amsterdam Centraal"
"2261","Intercity","Dordrecht"
"2262","Intercity","Amsterdam Centraal"
"2263","Intercity","Dordrecht"
"2264","Intercity","Amsterdam Centraal"
"2265","Intercity","Dordrecht"
"2266","Intercity","Amsterdam Centraal"
"2267","Intercity","Dordrecht"
"2268","Intercity","Amsterdam Centraal"
"2269","Intercity","Dordrecht"
"227","ICE International","Frankfurt (M) Hbf"
"2270","Intercity","Amsterdam Centraal"
"2271","Intercity","Dordrecht"
"2272","Intercity","Amsterdam Centraal"
"2273","Intercity","Dordrecht"
"2275","Intercity","Dordrecht"
"2277","Intercity","Dordrecht"
"2279","Intercity","Dordrecht"
"2281","Intercity","Dordrecht"
"2283","Intercity","Dordrecht"
"2285","Intercity","Dordrecht"
"23569","Intercity","Heerlen"
"23576","Intercity","Sittard"
"23580","Intercity","Sittard"
"241","Intercity","Hannover Hbf"
"2585","Stoptrein","Antwerpen-Centraal"
"2586","Stoptrein","Antwerpen-Centraal"
"2587","Stoptrein","Antwerpen-Centraal"
"2588","Stoptrein","Antwerpen-Centraal"
"2589","Stoptrein","Antwerpen-Centraal"
"2590","Stoptrein","Antwerpen-Centraal"
"2591","Stoptrein","Antwerpen-Centraal"
"2592","Stoptrein","Antwerpen-Centraal"
"2632","Intercity","Vlissingen"
"2634","Intercity","Vlissingen"
"2636","Intercity","Vlissingen"
"2638","Intercity","Vlissingen"
"2640","Intercity","Vlissingen"
"2642","Intercity","Vlissingen"
"2644","Intercity","Vlissingen"
"2646","Intercity","Vlissingen"
"2647","Intercity","Lelystad Centrum"
"2648","Intercity","Vlissingen"
"2649","Intercity","Lelystad Centrum"
"2650","Intercity","Vlissingen"
"2651","Intercity","Lelystad Centrum"
"2652","Intercity","Vlissingen"
"2653","Intercity","Lelystad Centrum"
"2654","Intercity","Vlissingen"
"2655","Intercity","Lelystad Centrum"
"2656","Intercity","Vlissingen"
"2657","Intercity","Lelystad Centrum"
"2658","Intercity","Vlissingen"
"2659","Intercity","Lelystad Centrum"
"2660","Intercity","Vlissingen"
"2661","Intercity","Lelystad Centrum"
"2662","Intercity","Vlissingen"
"2663","Intercity","Lelystad Centrum"
"2664","Intercity","Vlissingen"
"2665","Intercity","Lelystad Centrum"
"2666","Intercity","Vlissingen"
"2667","Intercity","Lelystad Centrum"
"2668","Intercity","Vlissingen"
"2669","Intercity","Lelystad Centrum"
"2670","Intercity","Vlissingen"
"2671","Intercity","Lelystad Centrum"
"2672","Intercity","Vlissingen"
"2673","Intercity","Lelystad Centrum"
"2674","Intercity","Vlissingen"
"2675","Intercity","Lelystad Centrum"
"2677","Intercity","Lelystad Centrum"
"2679","Intercity","Lelystad Centrum"
"2681","Intercity","Lelystad Centrum"
"2689","Intercity","Amsterdam Centraal"
"2691","Intercity","Amsterdam Centraal"
"2842","Intercity","Rotterdam Centraal"
"2844","Intercity","Rotterdam Centraal"
"2846","Intercity","Rotterdam Centraal"
"2848","Intercity","Rotterdam Centraal"
"2850","Intercity","Rotterdam Centraal"
"2851","Intercity","Enschede"
"2852","Intercity","Rotterdam Centraal"
"2853","Intercity","Amersfoort Schothorst"
"2854","Intercity","Rotterdam Centraal"
"2855","Intercity","Enschede"
"2856","Intercity","Rotterdam Centraal"
"2857","Intercity","Amersfoort Schothorst"
"2858","Intercity","Rotterdam Centraal"
"2859","Intercity","Enschede"
"2860","Intercity","Rotterdam Centraal"
"2861","Intercity","Amersfoort Schothorst"
"2862","Intercity","Rotterdam Centraal"
"2863","Intercity","Enschede"
"2864","Intercity","Rotterdam Centraal"
"2865","Intercity","Amersfoort Schothorst"
"2866","Intercity","Rotterdam Centraal"
"2867","Intercity","Enschede"
"2868","Intercity","Rotterdam Centraal"
"2869","Intercity","Amersfoort Schothorst"
"2870","Intercity","Rotterdam Centraal"
"2871","Intercity","Enschede"
"2873","Intercity","Amersfoort Schothorst"
"2875","Intercity","Enschede"
"2877","Intercity","Amersfoort Schothorst"
"2879","Intercity","Enschede"
"300560","Intercity","Rotterdam Centraal"
"300873","Intercity","Maastricht"
"301649","Intercity","Enschede"
"301652","Intercity","Schiphol"
"301653","Intercity","Enschede"
"301656","Intercity","Schiphol"
"301754","Intercity","Den Haag Centraal"
"301755","Intercity","Enschede"
"301758","Intercity","Den Haag Centraal"
"301759","Intercity","Enschede"
"301762","Intercity","Den Haag Centraal"
"301767","Intercity","Enschede"
"3038","Intercity","Den Helder"
"3040","Intercity","Den Helder"
"3042","Intercity","Den Helder"
"3044","Intercity","Den Helder"
"3045","Intercity","Nijmegen"
"3046","Intercity","Den Helder"
"3047","Intercity","Nijmegen"
"3048","Intercity","Den Helder"
"3049","Intercity","Nijmegen"
"3050","Intercity","Den Helder"
"3051","Intercity","Nijmegen"
"3052","Intercity","Den Helder"
"3053","Intercity","Nijmegen"
"3054","Intercity","Den Helder"
"3055","Intercity","Nijmegen"
"3056","Intercity","Den Helder"
"3057","Intercity","Nijmegen"
"3058","Intercity","Den Helder"
"3059","Intercity","Nijmegen"
"3060","Intercity","Den Helder"
"3061","Intercity","Nijmegen"
"3062","Intercity","Den Helder"
"3063","Intercity","Nijmegen"
"3064","Intercity","Den Helder"
"3065","Intercity","Nijmegen"
"3066","Intercity","Den Helder"
"3067","Intercity","Nijmegen"
"3068","Intercity","Den Helder"
"3069","Intercity","Nijmegen"
"3070","Intercity","Den Helder"
"307049","Sprinter","Enschede"
"307053","Sprinter","Enschede"
"307054","Sprinter","Apeldoorn"
"307055","Sprinter","Enschede"
"307056","Sprinter","Apeldoorn"
"307058","Sprinter","Apeldoorn"
"307060","Sprinter","Apeldoorn"
"3071","Intercity","Nijmegen"
"3072","Intercity","Den Helder"
"3073","Intercity","Nijmegen"
"3074","Intercity","Den Helder"
"30745","Stoptrein","Doetinchem"
"30747","Stoptrein","Doetinchem"
"30748","Stoptrein","Arnhem"
"30749","Stoptrein","Doetinchem"
"3075","Intercity","Nijmegen"
"30750","Stoptrein","Arnhem"
"30751","Stoptrein","Doetinchem"
"30752","Stoptrein","Arnhem"
"30753","Stoptrein","Doetinchem"
"30754","Stoptrein","Arnhem"
"30755","Stoptrein","Doetinchem"
"30756","Stoptrein","Arnhem"
"30757","Stoptrein","Doetinchem"
"30758","Stoptrein","Arnhem"
"30759","Stoptrein","Doetinchem"
"3076","Intercity","Den Helder"
"30760","Stoptrein","Arnhem"
"30761","Stoptrein","Doetinchem"
"30762","Stoptrein","Arnhem"
"30763","Stoptrein","Doetinchem"
"30764","Stoptrein","Arnhem"
"30765","Stoptrein","Doetinchem"
"30766","Stoptrein","Arnhem"
"30768","Stoptrein","Arnhem"
"3077","Intercity","Nijmegen"
"30770","Stoptrein","Arnhem"
"30772","Stoptrein","Arnhem"
"3079","Intercity","Nijmegen"
"3081","Intercity","Nijmegen"
"3083","Intercity","Nijmegen"
"30839","Stoptrein","Winterswijk"
"30841","Stoptrein","Winterswijk"
"30843","Stoptrein","Winterswijk"
"30845","Stoptrein","Winterswijk"
"30847","Stoptrein","Winterswijk"
"30849","Stoptrein","Winterswijk"
"30851","Stoptrein","Winterswijk"
"30853","Stoptrein","Winterswijk"
"30854","Stoptrein","Zutphen"
"30855","Stoptrein","Winterswijk"
"30856","Stoptrein","Zutphen"
"30857","Stoptrein","Winterswijk"
"30858","Stoptrein","Zutphen"
"30859","Stoptrein","Winterswijk"
"30860","Stoptrein","Zutphen"
"30861","Stoptrein","Winterswijk"
"30862","Stoptrein","Zutphen"
"30863","Stoptrein","Winterswijk"
"30864","Stoptrein","Zutphen"
"30865","Stoptrein","Winterswijk"
"30866","Stoptrein","Zutphen"
"30868","Stoptrein","Zutphen"
"30869","Stoptrein","Winterswijk"
"30870","Stoptrein","Zutphen"
"30872","Stoptrein","Zutphen"
"30874","Stoptrein","Zutphen"
"30878","Stoptrein","Zutphen"
"30882","Stoptrein","Zutphen"
"308862","Intercity","Leiden Centraal"
"308864","Intercity","Leiden Centraal"
"308866","Intercity","Leiden Centraal"
"308868","Intercity","Leiden Centraal"
"308869","Intercity","Utrecht Centraal"
"308870","Intercity","Leiden Centraal"
"308871","Intercity","Utrecht Centraal"
"308872","Intercity","Leiden Centraal"
"308873","Intercity","Utrecht Centraal"
"308875","Intercity","Utrecht Centraal"
"308877","Intercity","Utrecht Centraal"
"30941","Stoptrein","Winterswijk"
"30943","Stoptrein","Winterswijk"
"30945","Stoptrein","Winterswijk"
"30947","Stoptrein","Winterswijk"
"30948","Stoptrein","Arnhem"
"30949","Stoptrein","Winterswijk"
"30950","Stoptrein","Arnhem"
"30951","Stoptrein","Winterswijk"
"30952","Stoptrein","Arnhem"
"30953","Stoptrein","Winterswijk"
"30954","Stoptrein","Arnhem"
"30955","Stoptrein","Winterswijk"
"30956","Stoptrein","Arnhem"
"30957","Stoptrein","Winterswijk"
"30958","Stoptrein","Arnhem"
"30959","Stoptrein","Winterswijk"
"30960","Stoptrein","Arnhem"
"30961","Stoptrein","Winterswijk"
"30962","Stoptrein","Arnhem"
"30963","Stoptrein","Winterswijk"
"30964","Stoptrein","Arnhem"
"30965","Stoptrein","Winterswijk"
"30966","Stoptrein","Arnhem"
"30967","Stoptrein","Winterswijk"
"30968","Stoptrein","Arnhem"
"30969","Stoptrein","Winterswijk"
"30970","Stoptrein","Arnhem"
"30971","Stoptrein","Winterswijk"
"30972","Stoptrein","Arnhem"
"30973","Stoptrein","Winterswijk"
"30974","Stoptrein","Arnhem"
"30975","Stoptrein","Winterswijk"
"30976","Stoptrein","Arnhem"
"30978","Stoptrein","Arnhem"
"30980","Stoptrein","Arnhem"
"31041","Stoptrein","Mariënberg"
"31043","Stoptrein","Mariënberg"
"31045","Stoptrein","Mariënberg"
"31047","Stoptrein","Mariënberg"
"31049","Stoptrein","Mariënberg"
"31051","Stoptrein","Mariënberg"
"31052","Stoptrein","Almelo"
"31053","Stoptrein","Mariënberg"
"31054","Stoptrein","Almelo"
"31055","Stoptrein","Mariënberg"
"31056","Stoptrein","Almelo"
"31057","Stoptrein","Mariënberg"
"31058","Stoptrein","Almelo"
"31059","Stoptrein","Mariënberg"
"31060","Stoptrein","Almelo"
"31061","Stoptrein","Mariënberg"
"31062","Stoptrein","Almelo"
"31064","Stoptrein","Almelo"
"31065","Stoptrein","Mariënberg"
"31066","Stoptrein","Almelo"
"31068","Stoptrein","Almelo"
"31069","Stoptrein","Mariënberg"
"31070","Stoptrein","Almelo"
"31074","Stoptrein","Almelo"
"31078","Stoptrein","Almelo"
"31082","Stoptrein","Almelo"
"31141","Stoptrein","Arnhem"
"31145","Stoptrein","Arnhem"
"31147","Stoptrein","Arnhem"
"31149","Stoptrein","Arnhem"
"31151","Stoptrein","Arnhem"
"31152","Stoptrein","Tiel"
"31153","Stoptrein","Arnhem"
"31155","Stoptrein","Arnhem"
"31156","Stoptrein","Tiel"
"31157","Stoptrein","Arnhem"
"31158","Stoptrein","Tiel"
"31159","Stoptrein","Arnhem"
"31160","Stoptrein","Tiel"
"31161","Stoptrein","Arnhem"
"31162","Stoptrein","Tiel"
"31164","Stoptrein","Tiel"
"31165","Stoptrein","Arnhem"
"31166","Stoptrein","Tiel"
"31168","Stoptrein","Tiel"
"31169","Stoptrein","Arnhem"
"31170","Stoptrein","Tiel"
"31172","Stoptrein","Tiel"
"31176","Stoptrein","Tiel"
"31180","Stoptrein","Tiel"
"31184","Stoptrein","Tiel"
"31241","Stoptrein","Oldenzaal"
"31243","Stoptrein","Oldenzaal"
"31245","Stoptrein","Oldenzaal"
"31247","Stoptrein","Oldenzaal"
"31249","Stoptrein","Oldenzaal"
"31250","Stoptrein","Zutphen"
"31251","Stoptrein","Oldenzaal"
"31252","Stoptrein","Zutphen"
"31253","Stoptrein","Oldenzaal"
"31254","Stoptrein","Zutphen"
"31255","Stoptrein","Oldenzaal"
"31256","Stoptrein","Zutphen"
"312565","Intercity","Leeuwarden"
"31257","Stoptrein","Oldenzaal"
"31258","Stoptrein","Zutphen"
"31259","Stoptrein","Oldenzaal"
"31260","Stoptrein","Zutphen"
"31261","Stoptrein","Oldenzaal"
"31262","Stoptrein","Zutphen"
"31263","Stoptrein","Oldenzaal"
"31264","Stoptrein","Zutphen"
"31265","Stoptrein","Oldenzaal"
"31266","Stoptrein","Zutphen"
"31267","Stoptrein","Oldenzaal"
"31268","Stoptrein","Zutphen"
"31269","Stoptrein","Oldenzaal"
"31270","Stoptrein","Zutphen"
"31271","Stoptrein","Oldenzaal"
"31272","Stoptrein","Zutphen"
"31273","Stoptrein","Oldenzaal"
"31274","Stoptrein","Zutphen"
"31276","Stoptrein","Zutphen"
"31278","Stoptrein","Zutphen"
"31280","Stoptrein","Zutphen"
"31282","Stoptrein","Zutphen"
"31334","Stoptrein","Amersfoort"
"31335","Stoptrein","Ede-Wageningen"
"31336","Stoptrein","Amersfoort"
"31337","Stoptrein","Ede-Wageningen"
"31338","Stoptrein","Amersfoort"
"31339","Stoptrein","Ede-Wageningen"
"31340","Stoptrein","Amersfoort"
"31341","Stoptrein","Ede-Wageningen"
"31342","Stoptrein","Amersfoort"
"31343","Stoptrein","Ede-Wageningen"
"31344","Stoptrein","Amersfoort"
"31345","Stoptrein","Ede-Wageningen"
"31346","Stoptrein","Amersfoort"
"31347","Stoptrein","Ede-Wageningen"
"31348","Stoptrein","Amersfoort"
"31349","Stoptrein","Ede-Wageningen"
"31350","Stoptrein","Amersfoort"
"31351","Stoptrein","Ede-Wageningen"
"31352","Stoptrein","Amersfoort"
"31353","Stoptrein","Ede-Wageningen"
"31354","Stoptrein","Amersfoort"
"31355","Stoptrein","Ede-Wageningen"
"31356","Stoptrein","Amersfoort"
"31357","Stoptrein","Ede-Wageningen"
"31358","Stoptrein","Amersfoort"
"31359","Stoptrein","Ede-Wageningen"
"31360","Stoptrein","Amersfoort"
"31361","Stoptrein","Ede-Wageningen"
"31362","Stoptrein","Amersfoort"
"31363","Stoptrein","Ede-Wageningen"
"31364","Stoptrein","Amersfoort"
"31365","Stoptrein","Ede-Wageningen"
"31436","Stoptrein","Amersfoort"
"31437","Stoptrein","Barneveld Zuid"
"31438","Stoptrein","Amersfoort"
"31439","Stoptrein","Barneveld Zuid"
"3144","Intercity","Schiphol"
"31440","Stoptrein","Amersfoort"
"31441","Stoptrein","Barneveld Zuid"
"31442","Stoptrein","Amersfoort"
"31443","Stoptrein","Barneveld Zuid"
"31444","Stoptrein","Amersfoort"
"31445","Stoptrein","Barneveld Zuid"
"31446","Stoptrein","Amersfoort"
"31447","Stoptrein","Barneveld Zuid"
"31448","Stoptrein","Amersfoort"
"31449","Stoptrein","Barneveld Zuid"
"31450","Stoptrein","Amersfoort"
"31451","Stoptrein","Barneveld Zuid"
"31452","Stoptrein","Amersfoort"
"31453","Stoptrein","Barneveld Zuid"
"31454","Stoptrein","Amersfoort"
"31455","Stoptrein","Barneveld Zuid"
"31456","Stoptrein","Amersfoort"
"31457","Stoptrein","Barneveld Zuid"
"31458","Stoptrein","Amersfoort"
"31459","Stoptrein","Barneveld Zuid"
"3146","Intercity","Schiphol"
"31460","Stoptrein","Amersfoort"
"31461","Stoptrein","Barneveld Zuid"
"31462","Stoptrein","Amersfoort"
"3147","Intercity","Nijmegen"
"3148","Intercity","Schiphol"
"3149","Intercity","Nijmegen"
"3150","Intercity","Schiphol"
"3151","Intercity","Nijmegen"
"3152","Intercity","Schiphol"
"3153","Intercity","Nijmegen"
"3154","Intercity","Schiphol"
"3155","Intercity","Nijmegen"
"3156","Intercity","Schiphol"
"3157","Intercity","Nijmegen"
"3158","Intercity","Schiphol"
"3159","Intercity","Nijmegen"
"3160","Intercity","Schiphol"
"3161","Intercity","Nijmegen"
"3162","Intercity","Schiphol"
"3163","Intercity","Nijmegen"
"3164","Intercity","Schiphol"
"3165","Intercity","Nijmegen"
"3166","Intercity","Schiphol"
"3167","Intercity","Nijmegen"
"3168","Intercity","Schiphol"
"3169","Intercity","Nijmegen"
"3170","Intercity","Schiphol"
"3171","Intercity","Nijmegen"
"3172","Intercity","Utrecht Centraal"
"3173","Intercity","Nijmegen"
"3174","Intercity","Utrecht Centraal"
"3175","Intercity","Nijmegen"
"3177","Intercity","Nijmegen"
"3179","Intercity","Nijmegen"
"32045","Stoptrein","Kerkrade Centrum"
"32046","Stoptrein","Maastricht Randwyck"
"32047","Stoptrein","Kerkrade Centrum"
"32048","Stoptrein","Maastricht Randwyck"
"32049","Stoptrein","Kerkrade Centrum"
"32050","Stoptrein","Maastricht Randwyck"
"32051","Stoptrein","Kerkrade Centrum"
"32052","Stoptrein","Maastricht Randwyck"
"32053","Stoptrein","Kerkrade Centrum"
"32054","Stoptrein","Maastricht Randwyck"
"32055","Stoptrein","Kerkrade Centrum"
"32056","Stoptrein","Maastricht Randwyck"
"32057","Stoptrein","Kerkrade Centrum"
"32058","Stoptrein","Maastricht Randwyck"
"32059","Stoptrein","Kerkrade Centrum"
"32060","Stoptrein","Maastricht Randwyck"
"32061","Stoptrein","Kerkrade Centrum"
"32062","Stoptrein","Maastricht Randwyck"
"32063","Stoptrein","Kerkrade Centrum"
"32064","Stoptrein","Maastricht Randwyck"
"32065","Stoptrein","Kerkrade Centrum"
"32066","Stoptrein","Maastricht Randwyck"
"32067","Stoptrein","Kerkrade Centrum"
"32068","Stoptrein","Maastricht Randwyck"
"32069","Stoptrein","Kerkrade Centrum"
"32070","Stoptrein","Maastricht Randwyck"
"32071","Stoptrein","Kerkrade Centrum"
"32072","Stoptrein","Maastricht Randwyck"
"32073","Stoptrein","Kerkrade Centrum"
"32074","Stoptrein","Maastricht Randwyck"
"32075","Stoptrein","Kerkrade Centrum"
"32076","Stoptrein","Maastricht Randwyck"
"32077","Stoptrein","Kerkrade Centrum"
"32078","Stoptrein","Maastricht Randwyck"
"32139","Sneltrein","Heerlen"
"32141","Sneltrein","Heerlen"
"32142","Sneltrein","Maastricht"
"32143","Sneltrein","Heerlen"
"32144","Sneltrein","Maastricht"
"32145","Sneltrein","Heerlen"
"32146","Sneltrein","Maastricht"
"32147","Sneltrein","Heerlen"
"32148","Sneltrein","Maastricht"
"32149","Sneltrein","Heerlen"
"32150","Sneltrein","Maastricht"
"32151","Sneltrein","Heerlen"
"32152","Sneltrein","Maastricht"
"32153","Sneltrein","Heerlen"
"32154","Sneltrein","Maastricht"
"32155","Sneltrein","Heerlen"
"32156","Sneltrein","Maastricht"
"32157","Sneltrein","Heerlen"
"32158","Sneltrein","Maastricht"
"32159","Sneltrein","Heerlen"
"32160","Sneltrein","Maastricht"
"32161","Sneltrein","Heerlen"
"32162","Sneltrein","Maastricht"
"32163","Sneltrein","Heerlen"
"32164","Sneltrein","Maastricht"
"32165","Sneltrein","Heerlen"
"32166","Sneltrein","Maastricht"
"32167","Sneltrein","Heerlen"
"32168","Sneltrein","Maastricht"
"32169","Sneltrein","Heerlen"
"32170","Sneltrein","Maastricht"
"32172","Sneltrein","Maastricht"
"32244","Stoptrein","Nijmegen"
"32245","Stoptrein","Roermond"
"32246","Stoptrein","Nijmegen"
"32247","Stoptrein","Roermond"
"32248","Stoptrein","Nijmegen"
"32249","Stoptrein","Roermond"
"32250","Stoptrein","Nijmegen"
"32251","Stoptrein","Roermond"
"32252","Stoptrein","Nijmegen"
"32253","Stoptrein","Roermond"
"32254","Stoptrein","Nijmegen"
"32255","Stoptrein","Roermond"
"32256","Stoptrein","Nijmegen"
"32257","Stoptrein","Roermond"
"32258","Stoptrein","Nijmegen"
"32259","Stoptrein","Roermond"
"32260","Stoptrein","Nijmegen"
"32261","Stoptrein","Roermond"
"32262","Stoptrein","Nijmegen"
"32263","Stoptrein","Roermond"
"32264","Stoptrein","Nijmegen"
"32265","Stoptrein","Roermond"
"32266","Stoptrein","Nijmegen"
"32267","Stoptrein","Roermond"
"32268","Stoptrein","Nijmegen"
"32269","Stoptrein","Roermond"
"32270","Stoptrein","Nijmegen"
"32271","Stoptrein","Roermond"
"32272","Stoptrein","Nijmegen"
"32273","Stoptrein","Roermond"
"32274","Stoptrein","Nijmegen"
"32275","Stoptrein","Roermond"
"32276","Stoptrein","Nijmegen"
"32277","Stoptrein","Roermond"
"32278","Stoptrein","Nijmegen"
"32279","Stoptrein","Roermond"
"32349","Stoptrein","Venray"
"32350","Stoptrein","Nijmegen"
"32351","Stoptrein","Venray"
"32352","Stoptrein","Nijmegen"
"32353","Stoptrein","Venray"
"32354","Stoptrein","Nijmegen"
"32355","Stoptrein","Venray"
"32356","Stoptrein","Nijmegen"
"32357","Stoptrein","Venray"
"32358","Stoptrein","Nijmegen"
"32359","Stoptrein","Venray"
"32360","Stoptrein","Nijmegen"
"32361","Stoptrein","Venlo"
"32363","Stoptrein","Venlo"
"32365","Stoptrein","Venlo"
"3344","Sprinter","Hoorn Kersenboogerd"
"3346","Sprinter","Hoorn Kersenboogerd"
"3348","Sprinter","Hoorn Kersenboogerd"
"3350","Sprinter","Hoorn Kersenboogerd"
"3351","Sprinter","Hoofddorp"
"3352","Sprinter","Hoorn Kersenboogerd"
"3353","Sprinter","Hoofddorp"
"3354","Sprinter","Hoorn Kersenboogerd"
"3355","Sprinter","Hoofddorp"
"3356","Sprinter","Hoorn Kersenboogerd"
"3357","Sprinter","Hoofddorp"
"3358","Sprinter","Hoorn Kersenboogerd"
"3359","Sprinter","Hoofddorp"
"3360","Sprinter","Hoorn Kersenboogerd"
"3361","Sprinter","Hoofddorp"
"3362","Sprinter","Hoorn Kersenboogerd"
"3363","Sprinter","Hoofddorp"
"3364","Sprinter","Hoorn Kersenboogerd"
"3365","Sprinter","Hoofddorp"
"3366","Sprinter","Hoorn Kersenboogerd"
"3367","Sprinter","Hoofddorp"
"3368","Sprinter","Hoorn Kersenboogerd"
"3369","Sprinter","Hoofddorp"
"3370","Sprinter","Hoorn Kersenboogerd"
"3371","Sprinter","Hoofddorp"
"3372","Sprinter","Hoorn Kersenboogerd"
"3373","Sprinter","Hoofddorp"
"3374","Sprinter","Hoorn Kersenboogerd"
"3375","Sprinter","Hoofddorp"
"3376","Sprinter","Hoorn Kersenboogerd"
"3377","Sprinter","Hoofddorp"
"3379","Sprinter","Hoofddorp"
"3381","Sprinter","Hoofddorp"
"3383","Sprinter","Hoofddorp"
"3436","Intercity","Hoorn"
"3438","Intercity","Hoorn"
"3440","Intercity","Hoorn"
"3442","Intercity","Hoorn"
"3444","Intercity","Hoorn"
"3446","Intercity","Hoorn"
"3448","Intercity","Hoorn"
"3450","Intercity","Hoorn"
"3452","Intercity","Hoorn"
"3454","Intercity","Hoorn"
"3455","Intercity","Haarlem"
"3456","Intercity","Hoorn"
"3457","Intercity","Haarlem"
"3458","Intercity","Hoorn"
"3459","Intercity","Haarlem"
"3460","Intercity","Hoorn"
"3461","Intercity","Haarlem"
"3462","Intercity","Hoorn"
"3463","Intercity","Haarlem"
"3465","Intercity","Haarlem"
"3467","Intercity","Haarlem"
"3469","Intercity","Haarlem"
"3471","Intercity","Haarlem"
"3473","Intercity","Haarlem"
"3475","Intercity","Haarlem"
"3477","Intercity","Haarlem"
"3541","Intercity","Heerlen"
"3543","Intercity","Heerlen"
"3544","Intercity","Schiphol"
"3545","Intercity","Heerlen"
"3546","Intercity","Schiphol"
"3547","Intercity","Heerlen"
"3548","Intercity","Schiphol"
"3549","Intercity","Heerlen"
"3550","Intercity","Schiphol"
"3551","Intercity","Heerlen"
"3552","Intercity","Schiphol"
"3553","Intercity","Heerlen"
"3554","Intercity","Schiphol"
"3555","Intercity","Heerlen"
"3556","Intercity","Schiphol"
"3557","Intercity","Heerlen"
"3558","Intercity","Schiphol"
"3559","Intercity","Heerlen"
"3560","Intercity","Schiphol"
"3561","Intercity","Heerlen"
"3562","Intercity","Schiphol"
"3563","Intercity","Heerlen"
"3564","Intercity","Schiphol"
"3565","Intercity","Heerlen"
"3566","Intercity","Schiphol"
"3567","Intercity","Eindhoven"
"3568","Intercity","Schiphol"
"3569","Intercity","Eindhoven"
"3570","Intercity","Schiphol"
"3571","Intercity","Eindhoven"
"3572","Intercity","Schiphol"
"3573","Intercity","Eindhoven"
"3574","Intercity","Schiphol"
"3575","Intercity","Utrecht Centraal"
"3577","Intercity","Utrecht Centraal"
"3579","Intercity","Utrecht Centraal"
"3640","Intercity","Zwolle"
"3642","Intercity","Zwolle"
"3643","Intercity","Roosendaal"
"3644","Intercity","Zwolle"
"3645","Intercity","Roosendaal"
"3646","Intercity","Zwolle"
"3647","Intercity","Roosendaal"
"3648","Intercity","Zwolle"
"3649","Intercity","Roosendaal"
"3650","Intercity","Zwolle"
"3651","Intercity","Roosendaal"
"3652","Intercity","Zwolle"
"3653","Intercity","Roosendaal"
"3654","Intercity","Zwolle"
"3655","Intercity","Roosendaal"
"3656","Intercity","Zwolle"
"3657","Intercity","Roosendaal"
"3658","Intercity","Zwolle"
"3659","Intercity","Roosendaal"
"3660","Intercity","Zwolle"
"3661","Intercity","Roosendaal"
"3662","Intercity","Zwolle"
"3663","Intercity","Roosendaal"
"3664","Intercity","Zwolle"
"3665","Intercity","Roosendaal"
"3666","Intercity","Zwolle"
"3667","Intercity","Roosendaal"
"3668","Intercity","Zwolle"
"3669","Intercity","Roosendaal"
"3670","Intercity","Zwolle"
"3671","Intercity","Roosendaal"
"3672","Intercity","Zwolle"
"3673","Intercity","Roosendaal"
"3674","Intercity","Zwolle"
"36742","Stoptrein","Dordrecht"
"36744","Stoptrein","Dordrecht"
"36746","Stoptrein","Dordrecht"
"36747","Stoptrein","Geldermalsen"
"36748","Stoptrein","Dordrecht"
"36749","Stoptrein","Geldermalsen"
"3675","Intercity","Roosendaal"
"36750","Stoptrein","Dordrecht"
"36751","Stoptrein","Geldermalsen"
"36752","Stoptrein","Dordrecht"
"36753","Stoptrein","Geldermalsen"
"36754","Stoptrein","Dordrecht"
"36755","Stoptrein","Geldermalsen"
"36756","Stoptrein","Dordrecht"
"36757","Stoptrein","Geldermalsen"
"36758","Stoptrein","Dordrecht"
"36759","Stoptrein","Geldermalsen"
"3676","Intercity","Zwolle"
"36760","Stoptrein","Dordrecht"
"36761","Stoptrein","Geldermalsen"
"36762","Stoptrein","Dordrecht"
"36763","Stoptrein","Geldermalsen"
"36764","Stoptrein","Dordrecht"
"36765","Stoptrein","Geldermalsen"
"36766","Stoptrein","Dordrecht"
"36767","Stoptrein","Geldermalsen"
"36768","Stoptrein","Dordrecht"
"36769","Stoptrein","Geldermalsen"
"3677","Intercity","Roosendaal"
"36770","Stoptrein","Dordrecht"
"36771","Stoptrein","Geldermalsen"
"36772","Stoptrein","Dordrecht"
"36773","Stoptrein","Geldermalsen"
"36774","Stoptrein","Dordrecht"
"36775","Stoptrein","Geldermalsen"
"36777","Stoptrein","Geldermalsen"
"36779","Stoptrein","Geldermalsen"
"3678","Intercity","Zwolle"
"36781","Stoptrein","Geldermalsen"
"3679","Intercity","Roosendaal"
"3680","Intercity","Zwolle"
"3681","Intercity","Roosendaal"
"3683","Intercity","Roosendaal"
"36842","Stoptrein","Dordrecht"
"36844","Stoptrein","Dordrecht"
"36846","Stoptrein","Dordrecht"
"36848","Stoptrein","Dordrecht"
"36849","Stoptrein","Gorinchem"
"36850","Stoptrein","Dordrecht"
"36851","Stoptrein","Gorinchem"
"36852","Stoptrein","Dordrecht"
"36853","Stoptrein","Gorinchem"
"36854","Stoptrein","Dordrecht"
"36855","Stoptrein","Gorinchem"
"36856","Stoptrein","Dordrecht"
"36857","Stoptrein","Gorinchem"
"36858","Stoptrein","Dordrecht"
"36859","Stoptrein","Gorinchem"
"36860","Stoptrein","Dordrecht"
"36861","Stoptrein","Gorinchem"
"36862","Stoptrein","Dordrecht"
"36863","Stoptrein","Gorinchem"
"36864","Stoptrein","Dordrecht"
"36865","Stoptrein","Gorinchem"
"36867","Stoptrein","Gorinchem"
"36869","Stoptrein","Gorinchem"
"37039","Stoptrein","Sneek"
"37041","Stoptrein","Sneek"
"37043","Stoptrein","Sneek"
"37045","Stoptrein","Sneek"
"37047","Stoptrein","Sneek"
"37049","Stoptrein","Sneek"
"37051","Stoptrein","Sneek"
"37052","Stoptrein","Leeuwarden"
"37053","Stoptrein","Sneek"
"37054","Stoptrein","Leeuwarden"
"37055","Stoptrein","Sneek"
"37056","Stoptrein","Leeuwarden"
"37057","Stoptrein","Sneek"
"37058","Stoptrein","Leeuwarden"
"37059","Stoptrein","Sneek"
"37060","Stoptrein","Leeuwarden"
"37061","Stoptrein","Sneek"
"37062","Stoptrein","Leeuwarden"
"37064","Stoptrein","Leeuwarden"
"37066","Stoptrein","Leeuwarden"
"37068","Stoptrein","Leeuwarden"
"37070","Stoptrein","Leeuwarden"
"37072","Stoptrein","Leeuwarden"
"37074","Stoptrein","Leeuwarden"
"37076","Stoptrein","Leeuwarden"
"37141","Stoptrein","Stavoren"
"37145","Stoptrein","Stavoren"
"37149","Stoptrein","Stavoren"
"37153","Stoptrein","Stavoren"
"37156","Stoptrein","Leeuwarden"
"37157","Stoptrein","Stavoren"
"37160","Stoptrein","Leeuwarden"
"37161","Stoptrein","Stavoren"
"37164","Stoptrein","Leeuwarden"
"37165","Stoptrein","Stavoren"
"37168","Stoptrein","Leeuwarden"
"37169","Stoptrein","Stavoren"
"37172","Stoptrein","Leeuwarden"
"37176","Stoptrein","Leeuwarden"
"37180","Stoptrein","Leeuwarden"
"37184","Stoptrein","Leeuwarden"
"37239","Stoptrein","Harlingen Haven"
"37241","Stoptrein","Harlingen Haven"
"37243","Stoptrein","Harlingen Haven"
"37245","Stoptrein","Harlingen Haven"
"37247","Stoptrein","Harlingen Haven"
"37249","Stoptrein","Harlingen Haven"
"37251","Stoptrein","Harlingen Haven"
"37252","Stoptrein","Leeuwarden"
"37253","Stoptrein","Harlingen Haven"
"37254","Stoptrein","Leeuwarden"
"37255","Stoptrein","Harlingen Haven"
"37256","Stoptrein","Leeuwarden"
"37257","Stoptrein","Harlingen Haven"
"37258","Stoptrein","Leeuwarden"
"37259","Stoptrein","Harlingen Haven"
"37260","Stoptrein","Leeuwarden"
"37261","Stoptrein","Harlingen Haven"
"37262","Stoptrein","Leeuwarden"
"37263","Stoptrein","Harlingen Haven"
"37264","Stoptrein","Leeuwarden"
"37265","Stoptrein","Harlingen Haven"
"37266","Stoptrein","Leeuwarden"
"37268","Stoptrein","Leeuwarden"
"37269","Stoptrein","Harlingen Haven"
"37270","Stoptrein","Leeuwarden"
"37272","Stoptrein","Leeuwarden"
"37274","Stoptrein","Leeuwarden"
"37276","Stoptrein","Leeuwarden"
"37278","Stoptrein","Leeuwarden"
"37280","Stoptrein","Leeuwarden"
"37337","Sneltrein","Groningen"
"37341","Sneltrein","Groningen"
"37345","Sneltrein","Groningen"
"37349","Sneltrein","Groningen"
"37352","Sneltrein","Leeuwarden"
"37353","Sneltrein","Groningen"
"37356","Sneltrein","Leeuwarden"
"37357","Sneltrein","Groningen"
"37360","Sneltrein","Leeuwarden"
"37361","Sneltrein","Groningen"
"37364","Sneltrein","Leeuwarden"
"37365","Sneltrein","Groningen"
"37368","Sneltrein","Leeuwarden"
"37372","Sneltrein","Leeuwarden"
"37376","Sneltrein","Leeuwarden"
"37380","Sneltrein","Leeuwarden"
"37437","Stoptrein","Groningen"
"37439","Stoptrein","Groningen"
"37441","Stoptrein","Groningen"
"37443","Stoptrein","Groningen"
"37445","Stoptrein","Groningen"
"37447","Stoptrein","Groningen"
"37449","Stoptrein","Groningen"
"37451","Stoptrein","Groningen"
"37452","Stoptrein","Leeuwarden"
"37453","Stoptrein","Groningen"
"37454","Stoptrein","Leeuwarden"
"37455","Stoptrein","Groningen"
"37456","Stoptrein","Leeuwarden"
"37457","Stoptrein","Groningen"
"37458","Stoptrein","Leeuwarden"
"37459","Stoptrein","Groningen"
"37460","Stoptrein","Leeuwarden"
"37461","Stoptrein","Groningen"
"37462","Stoptrein","Leeuwarden"
"37464","Stoptrein","Leeuwarden"
"37465","Stoptrein","Groningen"
"37466","Stoptrein","Leeuwarden"
"37468","Stoptrein","Leeuwarden"
"37469","Stoptrein","Groningen"
"37470","Stoptrein","Leeuwarden"
"37472","Stoptrein","Leeuwarden"
"37474","Stoptrein","Leeuwarden"
"37476","Stoptrein","Leeuwarden"
"37478","Stoptrein","Leeuwarden"
"37480","Stoptrein","Leeuwarden"
"37482","Stoptrein","Leeuwarden"
"37484","Stoptrein","Leeuwarden"
"37541","Stoptrein","Winschoten"
"37545","Stoptrein","Winschoten"
"37549","Stoptrein","Winschoten"
"37552","Stoptrein","Groningen"
"37553","Stoptrein","Winschoten"
"37556","Stoptrein","Groningen"
"37557","Stoptrein","Winschoten"
"37560","Stoptrein","Groningen"
"37561","Stoptrein","Winschoten"
"37564","Stoptrein","Groningen"
"37568","Stoptrein","Groningen"
"37571","Stoptrein","Bad Nieuweschans"
"37572","Stoptrein","Groningen"
"37576","Stoptrein","Groningen"
"37637","Stoptrein","Roodeschool"
"37639","Stoptrein","Roodeschool"
"37641","Stoptrein","Roodeschool"
"37643","Stoptrein","Roodeschool"
"37645","Stoptrein","Roodeschool"
"37647","Stoptrein","Roodeschool"
"37649","Stoptrein","Roodeschool"
"37654","Stoptrein","Groningen"
"37655","Stoptrein","Roodeschool"
"37657","Stoptrein","Roodeschool"
"37658","Stoptrein","Groningen"
"37659","Stoptrein","Roodeschool"
"37668","Stoptrein","Groningen"
"37676","Stoptrein","Groningen"
"37678","Stoptrein","Groningen"
"37741","Stoptrein","Delfzijl"
"37745","Stoptrein","Delfzijl"
"37747","Stoptrein","Delfzijl"
"37752","Stoptrein","Groningen"
"37759","Stoptrein","Delfzijl"
"37762","Stoptrein","Groningen"
"37768","Stoptrein","Groningen"
"37769","Stoptrein","Delfzijl"
"37770","Stoptrein","Groningen"
"37841","Stoptrein","Veendam"
"37843","Stoptrein","Veendam"
"37854","Stoptrein","Groningen"
"37855","Stoptrein","Veendam"
"37857","Stoptrein","Veendam"
"37858","Stoptrein","Groningen"
"37859","Stoptrein","Veendam"
"37868","Stoptrein","Groningen"
"37876","Stoptrein","Groningen"
"3839","Sneltrein","Emmen"
"3843","Sneltrein","Emmen"
"3847","Sneltrein","Emmen"
"3851","Sneltrein","Emmen"
"3852","Sneltrein","Zwolle"
"3855","Sneltrein","Emmen"
"3856","Sneltrein","Zwolle"
"3859","Sneltrein","Emmen"
"3860","Sneltrein","Zwolle"
"3863","Sneltrein","Emmen"
"3864","Sneltrein","Zwolle"
"3867","Sneltrein","Emmen"
"3868","Sneltrein","Zwolle"
"3871","Sneltrein","Emmen"
"3872","Sneltrein","Zwolle"
"3876","Sneltrein","Zwolle"
"3880","Sneltrein","Zwolle"
"3884","Sneltrein","Zwolle"
"4040","Sprinter","Uitgeest"
"4042","Sprinter","Uitgeest"
"4044","Sprinter","Uitgeest"
"4046","Sprinter","Uitgeest"
"4047","Sprinter","Rotterdam Centraal"
"4048","Sprinter","Uitgeest"
"4049","Sprinter","Rotterdam Centraal"
"4050","Sprinter","Uitgeest"
"4051","Sprinter","Rotterdam Centraal"
"4052","Sprinter","Uitgeest"
"4053","Sprinter","Rotterdam Centraal"
"4054","Sprinter","Uitgeest"
"4055","Sprinter","Rotterdam Centraal"
"4056","Sprinter","Uitgeest"
"4057","Sprinter","Rotterdam Centraal"
"4058","Sprinter","Uitgeest"
"4059","Sprinter","Rotterdam Centraal"
"4060","Sprinter","Uitgeest"
"4061","Sprinter","Rotterdam Centraal"
"4062","Sprinter","Uitgeest"
"4063","Sprinter","Rotterdam Centraal"
"4064","Sprinter","Uitgeest"
"4065","Sprinter","Rotterdam Centraal"
"4066","Sprinter","Uitgeest"
"4067","Sprinter","Rotterdam Centraal"
"4068","Sprinter","Uitgeest"
"4069","Sprinter","Rotterdam Centraal"
"4070","Sprinter","Uitgeest"
"4071","Sprinter","Rotterdam Centraal"
"4072","Sprinter","Uitgeest"
"4073","Sprinter","Rotterdam Centraal"
"4074","Sprinter","Uitgeest"
"4075","Sprinter","Rotterdam Centraal"
"4076","Sprinter","Uitgeest"
"4077","Sprinter","Rotterdam Centraal"
"4079","Sprinter","Rotterdam Centraal"
"4081","Sprinter","Rotterdam Centraal"
"4083","Sprinter","Rotterdam Centraal"
"4140","Sprinter","Hoek van Holland Strand"
"4142","Sprinter","Hoek van Holland Strand"
"4144","Sprinter","Hoek van Holland Strand"
"4146","Sprinter","Hoek van Holland Strand"
"4148","Sprinter","Hoek van Holland Strand"
"4150","Sprinter","Hoek van Holland Strand"
"4152","Sprinter","Hoek van Holland Strand"
"4153","Sprinter","Rotterdam Centraal"
"4154","Sprinter","Hoek van Holland Strand"
"4155","Sprinter","Rotterdam Centraal"
"4156","Sprinter","Hoek van Holland Strand"
"4157","Sprinter","Rotterdam Centraal"
"4158","Sprinter","Hoek van Holland Strand"
"4159","Sprinter","Rotterdam Centraal"
"4160","Sprinter","Hoek van Holland Strand"
"4161","Sprinter","Rotterdam Centraal"
"4162","Sprinter","Hoek van Holland Strand"
"4163","Sprinter","Rotterdam Centraal"
"4164","Sprinter","Hoek van Holland Strand"
"4165","Sprinter","Rotterdam Centraal"
"4166","Sprinter","Hoek van Holland Strand"
"4167","Sprinter","Rotterdam Centraal"
"4168","Sprinter","Hoek van Holland Haven"
"4169","Sprinter","Rotterdam Centraal"
"4170","Sprinter","Hoek van Holland Haven"
"4171","Sprinter","Rotterdam Centraal"
"4172","Sprinter","Hoek van Holland Haven"
"4173","Sprinter","Rotterdam Centraal"
"4175","Sprinter","Rotterdam Centraal"
"4177","Sprinter","Rotterdam Centraal"
"4179","Sprinter","Rotterdam Centraal"
"4181","Sprinter","Rotterdam Centraal"
"4183","Sprinter","Rotterdam Centraal"
"4240","Sprinter","Maassluis West"
"4242","Sprinter","Maassluis West"
"4244","Sprinter","Maassluis West"
"4246","Sprinter","Maassluis West"
"4248","Sprinter","Maassluis West"
"4250","Sprinter","Maassluis West"
"4251","Sprinter","Rotterdam Centraal"
"4252","Sprinter","Maassluis West"
"4253","Sprinter","Rotterdam Centraal"
"4254","Sprinter","Maassluis West"
"4255","Sprinter","Rotterdam Centraal"
"4256","Sprinter","Maassluis West"
"4257","Sprinter","Rotterdam Centraal"
"4258","Sprinter","Maassluis West"
"4259","Sprinter","Rotterdam Centraal"
"4260","Sprinter","Maassluis West"
"4261","Sprinter","Rotterdam Centraal"
"4262","Sprinter","Maassluis West"
"4263","Sprinter","Rotterdam Centraal"
"4264","Sprinter","Maassluis West"
"4265","Sprinter","Rotterdam Centraal"
"4266","Sprinter","Maassluis West"
"4267","Sprinter","Rotterdam Centraal"
"4268","Sprinter","Maassluis West"
"4269","Sprinter","Rotterdam Centraal"
"4270","Sprinter","Maassluis West"
"4271","Sprinter","Rotterdam Centraal"
"4273","Sprinter","Rotterdam Centraal"
"4275","Sprinter","Rotterdam Centraal"
"4277","Sprinter","Rotterdam Centraal"
"4279","Sprinter","Rotterdam Centraal"
"4281","Sprinter","Rotterdam Centraal"
"4342","Sprinter","Hoofddorp"
"4344","Sprinter","Hoofddorp"
"4346","Sprinter","Hoofddorp"
"4347","Sprinter","Almere Oostvaarders"
"4348","Sprinter","Hoofddorp"
"4349","Sprinter","Almere Oostvaarders"
"4350","Sprinter","Leiden Centraal"
"4351","Sprinter","Almere Oostvaarders"
"4352","Sprinter","Leiden Centraal"
"4353","Sprinter","Almere Oostvaarders"
"4354","Sprinter","Leiden Centraal"
"4355","Sprinter","Almere Oostvaarders"
"4356","Sprinter","Leiden Centraal"
"4357","Sprinter","Almere Oostvaarders"
"4358","Sprinter","Hoofddorp"
"4359","Sprinter","Almere Oostvaarders"
"4360","Sprinter","Hoofddorp"
"4361","Sprinter","Almere Oostvaarders"
"4362","Sprinter","Hoofddorp"
"4363","Sprinter","Almere Oostvaarders"
"4364","Sprinter","Hoofddorp"
"4365","Sprinter","Almere Oostvaarders"
"4366","Sprinter","Hoofddorp"
"4367","Sprinter","Almere Oostvaarders"
"4368","Sprinter","Hoofddorp"
"4369","Sprinter","Almere Oostvaarders"
"4370","Sprinter","Hoofddorp"
"4371","Sprinter","Almere Oostvaarders"
"4372","Sprinter","Hoofddorp"
"4373","Sprinter","Almere Oostvaarders"
"4374","Sprinter","Hoofddorp"
"4375","Sprinter","Almere Oostvaarders"
"4377","Sprinter","Almere Oostvaarders"
"4379","Sprinter","Almere Oostvaarders"
"4381","Sprinter","Almere Oostvaarders"
"4446","Sprinter","Nijmegen"
"4447","Sprinter","Deurne"
"4448","Sprinter","Nijmegen"
"4449","Sprinter","Deurne"
"4450","Sprinter","Nijmegen"
"4451","Sprinter","Deurne"
"4452","Sprinter","Nijmegen"
"4453","Sprinter","Deurne"
"4454","Sprinter","Nijmegen"
"4455","Sprinter","Deurne"
"4456","Sprinter","Nijmegen"
"4457","Sprinter","Deurne"
"4458","Sprinter","Nijmegen"
"4459","Sprinter","Deurne"
"4460","Sprinter","Nijmegen"
"4461","Sprinter","Deurne"
"4462","Sprinter","Nijmegen"
"4463","Sprinter","Deurne"
"4464","Sprinter","Nijmegen"
"4465","Sprinter","Deurne"
"4466","Sprinter","Nijmegen"
"4467","Sprinter","Deurne"
"4468","Sprinter","Nijmegen"
"4469","Sprinter","Deurne"
"4470","Sprinter","Nijmegen"
"4471","Sprinter","Eindhoven"
"4472","Sprinter","Nijmegen"
"4473","Sprinter","Deurne"
"4474","Sprinter","Nijmegen"
"4475","Sprinter","Eindhoven"
"4476","Sprinter","Nijmegen"
"4477","Sprinter","Deurne"
"4478","Sprinter","Nijmegen"
"4479","Sprinter","Eindhoven"
"4644","Sprinter","Amsterdam Centraal"
"4645","Sprinter","Zwolle"
"4646","Sprinter","Amsterdam Centraal"
"4647","Sprinter","Zwolle"
"4648","Sprinter","Amsterdam Centraal"
"4649","Sprinter","Zwolle"
"4650","Sprinter","Amsterdam Centraal"
"4651","Sprinter","Zwolle"
"4652","Sprinter","Amsterdam Centraal"
"4653","Sprinter","Zwolle"
"4654","Sprinter","Amsterdam Centraal"
"4655","Sprinter","Zwolle"
"4656","Sprinter","Amsterdam Centraal"
"4657","Sprinter","Zwolle"
"4658","Sprinter","Amsterdam Centraal"
"4659","Sprinter","Zwolle"
"4660","Sprinter","Amsterdam Centraal"
"4661","Sprinter","Zwolle"
"4662","Sprinter","Amsterdam Centraal"
"4663","Sprinter","Zwolle"
"4664","Sprinter","Amsterdam Centraal"
"4665","Sprinter","Zwolle"
"4666","Sprinter","Amsterdam Centraal"
"4667","Sprinter","Zwolle"
"4668","Sprinter","Amsterdam Centraal"
"4669","Sprinter","Zwolle"
"4670","Sprinter","Amsterdam Centraal"
"4671","Sprinter","Zwolle"
"4672","Sprinter","Amsterdam Centraal"
"4673","Sprinter","Zwolle"
"4674","Sprinter","Amsterdam Centraal"
"4675","Sprinter","Zwolle"
"4676","Sprinter","Amsterdam Centraal"
"4677","Sprinter","Zwolle"
"4678","Sprinter","Amsterdam Centraal"
"4738","Sprinter","Uitgeest"
"4740","Sprinter","Uitgeest"
"4742","Sprinter","Uitgeest"
"4744","Sprinter","Uitgeest"
"4746","Sprinter","Uitgeest"
"4748","Sprinter","Uitgeest"
"4750","Sprinter","Uitgeest"
"4752","Sprinter","Uitgeest"
"4753","Sprinter","Amsterdam Centraal"
"4754","Sprinter","Uitgeest"
"4755","Sprinter","Amsterdam Centraal"
"4756","Sprinter","Uitgeest"
"4757","Sprinter","Amsterdam Centraal"
"4758","Sprinter","Uitgeest"
"4759","Sprinter","Rhenen"
"4760","Sprinter","Uitgeest"
"4761","Sprinter","Rhenen"
"4762","Sprinter","Uitgeest"
"4763","Sprinter","Rhenen"
"4765","Sprinter","Rhenen"
"4767","Sprinter","Rhenen"
"4769","Sprinter","Rhenen"
"4771","Sprinter","Amsterdam Centraal"
"4773","Sprinter","Amsterdam Centraal"
"4775","Sprinter","Amsterdam Centraal"
"4838","Sprinter","Amsterdam Centraal"
"4840","Sprinter","Haarlem"
"4842","Sprinter","Amsterdam Centraal"
"4844","Sprinter","Haarlem"
"4846","Sprinter","Haarlem"
"4848","Sprinter","Haarlem"
"4850","Sprinter","Haarlem"
"4851","Sprinter","Uitgeest"
"4852","Sprinter","Haarlem"
"4853","Sprinter","Beverwijk"
"4854","Sprinter","Haarlem"
"4855","Sprinter","Uitgeest"
"4856","Sprinter","Haarlem"
"4857","Sprinter","Beverwijk"
"4858","Sprinter","Haarlem"
"4859","Sprinter","Beverwijk"
"4860","Sprinter","Haarlem"
"4861","Sprinter","Beverwijk"
"4862","Sprinter","Haarlem"
"4863","Sprinter","Beverwijk"
"4865","Sprinter","Beverwijk"
"4867","Sprinter","Beverwijk"
"4869","Sprinter","Beverwijk"
"4871","Sprinter","Beverwijk"
"4873","Sprinter","Beverwijk"
"4944","Sprinter","Almere Oostvaarders"
"4945","Sprinter","Utrecht Centraal"
"4946","Sprinter","Almere Oostvaarders"
"4947","Sprinter","Utrecht Centraal"
"4948","Sprinter","Almere Oostvaarders"
"4949","Sprinter","Utrecht Centraal"
"4950","Sprinter","Almere Oostvaarders"
"4951","Sprinter","Utrecht Centraal"
"4952","Sprinter","Almere Oostvaarders"
"4953","Sprinter","Utrecht Centraal"
"4954","Sprinter","Almere Oostvaarders"
"4955","Sprinter","Utrecht Centraal"
"4956","Sprinter","Almere Oostvaarders"
"4957","Sprinter","Utrecht Centraal"
"4958","Sprinter","Almere Oostvaarders"
"4959","Sprinter","Utrecht Centraal"
"4960","Sprinter","Almere Oostvaarders"
"4961","Sprinter","Utrecht Centraal"
"4962","Sprinter","Almere Oostvaarders"
"4963","Sprinter","Utrecht Centraal"
"4964","Sprinter","Almere Oostvaarders"
"4965","Sprinter","Utrecht Centraal"
"4966","Sprinter","Almere Oostvaarders"
"4967","Sprinter","Utrecht Centraal"
"4968","Sprinter","Almere Oostvaarders"
"4969","Sprinter","Utrecht Centraal"
"4971","Sprinter","Utrecht Centraal"
"4972","Sprinter","Almere Oostvaarders"
"4973","Sprinter","Utrecht Centraal"
"4976","Sprinter","Almere Oostvaarders"
"4977","Sprinter","Utrecht Centraal"
"5044","Sprinter","Den Haag Centraal"
"5046","Sprinter","Den Haag Centraal"
"5048","Sprinter","Den Haag Centraal"
"5049","Sprinter","Breda"
"5050","Sprinter","Den Haag Centraal"
"5051","Sprinter","Breda"
"5052","Sprinter","Den Haag Centraal"
"5053","Sprinter","Breda"
"5054","Sprinter","Den Haag Centraal"
"5055","Sprinter","Breda"
"5056","Sprinter","Den Haag Centraal"
"5057","Sprinter","Breda"
"5058","Sprinter","Den Haag Centraal"
"5059","Sprinter","Breda"
"5060","Sprinter","Den Haag Centraal"
"5061","Sprinter","Breda"
"5062","Sprinter","Den Haag Centraal"
"5063","Sprinter","Breda"
"5064","Sprinter","Den Haag Centraal"
"5065","Sprinter","Breda"
"5066","Sprinter","Den Haag Centraal"
"5067","Sprinter","Breda"
"5068","Sprinter","Den Haag Centraal"
"5069","Sprinter","Breda"
"5070","Sprinter","Den Haag Centraal"
"5071","Sprinter","Breda"
"5073","Sprinter","Breda"
"5075","Sprinter","Dordrecht"
"5077","Sprinter","Dordrecht"
"5142","Sprinter","Den Haag Centraal"
"5144","Sprinter","Den Haag Centraal"
"5146","Sprinter","Den Haag Centraal"
"5147","Sprinter","Roosendaal"
"5148","Sprinter","Den Haag Centraal"
"5149","Sprinter","Roosendaal"
"5150","Sprinter","Den Haag Centraal"
"5151","Sprinter","Roosendaal"
"5152","Sprinter","Den Haag Centraal"
"5153","Sprinter","Roosendaal"
"5154","Sprinter","Den Haag Centraal"
"5155","Sprinter","Roosendaal"
"5156","Sprinter","Den Haag Centraal"
"5157","Sprinter","Roosendaal"
"5158","Sprinter","Den Haag Centraal"
"5159","Sprinter","Roosendaal"
"5160","Sprinter","Den Haag Centraal"
"5161","Sprinter","Roosendaal"
"5162","Sprinter","Den Haag Centraal"
"5163","Sprinter","Roosendaal"
"5164","Sprinter","Den Haag Centraal"
"5165","Sprinter","Roosendaal"
"5166","Sprinter","Den Haag Centraal"
"5167","Sprinter","Roosendaal"
"5168","Sprinter","Den Haag Centraal"
"5169","Sprinter","Roosendaal"
"5170","Sprinter","Den Haag Centraal"
"5171","Sprinter","Roosendaal"
"5173","Sprinter","Roosendaal"
"5174","Sprinter","Den Haag Centraal"
"5177","Sprinter","Roosendaal"
"5181","Sprinter","Roosendaal"
"5245","Sprinter","Eindhoven"
"5247","Sprinter","Eindhoven"
"5248","Sprinter","Tilburg Universiteit"
"5249","Sprinter","Eindhoven"
"5250","Sprinter","Tilburg Universiteit"
"5251","Sprinter","Eindhoven"
"5252","Sprinter","Tilburg Universiteit"
"5253","Sprinter","Eindhoven"
"5254","Sprinter","Tilburg Universiteit"
"5255","Sprinter","Eindhoven"
"5256","Sprinter","Tilburg Universiteit"
"5257","Sprinter","Eindhoven"
"5258","Sprinter","Tilburg Universiteit"
"5259","Sprinter","Eindhoven"
"5260","Sprinter","Tilburg Universiteit"
"5261","Sprinter","Eindhoven"
"5262","Sprinter","Tilburg Universiteit"
"5263","Sprinter","Eindhoven"
"5264","Sprinter","Tilburg Universiteit"
"5265","Sprinter","Eindhoven"
"5266","Sprinter","Tilburg Universiteit"
"5267","Sprinter","Eindhoven"
"5268","Sprinter","Tilburg Universiteit"
"5269","Sprinter","Eindhoven"
"5270","Sprinter","Tilburg Universiteit"
"5271","Sprinter","Eindhoven"
"5272","Sprinter","Tilburg Universiteit"
"5273","Sprinter","Eindhoven"
"5274","Sprinter","Tilburg Universiteit"
"5275","Sprinter","Eindhoven"
"5276","Sprinter","Tilburg Universiteit"
"5280","Sprinter","Tilburg Universiteit"
"5362","Stoptrein","Maastricht"
"5363","Stoptrein","Maastricht"
"5364","Stoptrein","Maastricht"
"5365","Stoptrein","Maastricht"
"5366","Stoptrein","Maastricht"
"5367","Stoptrein","Maastricht"
"5368","Stoptrein","Maastricht"
"5369","Stoptrein","Maastricht"
"5385","Stoptrein","Liège-Guillemins"
"5386","Stoptrein","Liège-Guillemins"
"5387","Stoptrein","Liège-Guillemins"
"5388","Stoptrein","Liège-Guillemins"
"5389","Stoptrein","Liège-Guillemins"
"5390","Stoptrein","Liège-Guillemins"
"5391","Stoptrein","Liège-Guillemins"
"5392","Stoptrein","Liège-Guillemins"
"543","Intercity","Groningen"
"5438","Sprinter","Amsterdam Centraal"
"544","Intercity","Rotterdam Centraal"
"5440","Sprinter","Amsterdam Centraal"
"5442","Sprinter","Amsterdam Centraal"
"5444","Sprinter","Amsterdam Centraal"
"5446","Sprinter","Amsterdam Centraal"
"5448","Sprinter","Amsterdam Centraal"
"5450","Sprinter","Amsterdam Centraal"
"5452","Sprinter","Amsterdam Centraal"
"5454","Sprinter","Amsterdam Centraal"
"5456","Sprinter","Amsterdam Centraal"
"5457","Sprinter","Zandvoort aan Zee"
"5458","Sprinter","Amsterdam Centraal"
"5459","Sprinter","Zandvoort aan Zee"
"5460","Sprinter","Amsterdam Centraal"
"5461","Sprinter","Zandvoort aan Zee"
"5462","Sprinter","Amsterdam Centraal"
"5463","Sprinter","Zandvoort aan Zee"
"5464","Sprinter","Amsterdam Centraal"
"5465","Sprinter","Zandvoort aan Zee"
"5466","Sprinter","Amsterdam Centraal"
"5467","Sprinter","Zandvoort aan Zee"
"5468","Sprinter","Amsterdam Centraal"
"5469","Sprinter","Zandvoort aan Zee"
"547","Intercity","Groningen"
"5471","Sprinter","Zandvoort aan Zee"
"5473","Sprinter","Zandvoort aan Zee"
"5475","Sprinter","Zandvoort aan Zee"
"5477","Sprinter","Zandvoort aan Zee"
"5479","Sprinter","Zandvoort aan Zee"
"548","Intercity","Rotterdam Centraal"
"5481","Sprinter","Zandvoort aan Zee"
"5483","Sprinter","Zandvoort aan Zee"
"5485","Sprinter","Zandvoort aan Zee"
"5487","Sprinter","Zandvoort aan Zee"
"551","Intercity","Groningen"
"552","Intercity","Rotterdam Centraal"
"5544","Sprinter","Utrecht Centraal"
"5546","Sprinter","Utrecht Centraal"
"5547","Sprinter","Baarn"
"5548","Sprinter","Utrecht Centraal"
"5549","Sprinter","Baarn"
"555","Intercity","Groningen"
"5550","Sprinter","Utrecht Centraal"
"5551","Sprinter","Baarn"
"5552","Sprinter","Utrecht Centraal"
"5553","Sprinter","Baarn"
"5554","Sprinter","Utrecht Centraal"
"5555","Sprinter","Baarn"
"5556","Sprinter","Utrecht Centraal"
"5557","Sprinter","Baarn"
"5558","Sprinter","Utrecht Centraal"
"5559","Sprinter","Baarn"
"556","Intercity","Rotterdam Centraal"
"5560","Sprinter","Utrecht Centraal"
"5561","Sprinter","Baarn"
"5562","Sprinter","Utrecht Centraal"
"5563","Sprinter","Baarn"
"5564","Sprinter","Utrecht Centraal"
"5565","Sprinter","Baarn"
"5566","Sprinter","Utrecht Centraal"
"5567","Sprinter","Baarn"
"5568","Sprinter","Utrecht Centraal"
"5569","Sprinter","Baarn"
"5570","Sprinter","Utrecht Centraal"
"5571","Sprinter","Baarn"
"5572","Sprinter","Utrecht Centraal"
"5573","Sprinter","Baarn"
"5574","Sprinter","Utrecht Centraal"
"5575","Sprinter","Baarn"
"5577","Sprinter","Baarn"
"5579","Sprinter","Baarn"
"559","Intercity","Groningen"
"560","Intercity","Rotterdam Centraal"
"563","Intercity","Groningen"
"564","Intercity","Rotterdam Centraal"
"5643","Sprinter","Zwolle"
"5644","Sprinter","Utrecht Centraal"
"5645","Sprinter","Zwolle"
"5646","Sprinter","Utrecht Centraal"
"5647","Sprinter","Zwolle"
"5648","Sprinter","Utrecht Centraal"
"5649","Sprinter","Zwolle"
"5650","Sprinter","Utrecht Centraal"
"5651","Sprinter","Zwolle"
"5652","Sprinter","Utrecht Centraal"
"5653","Sprinter","Zwolle"
"5654","Sprinter","Utrecht Centraal"
"5655","Sprinter","Zwolle"
"5656","Sprinter","Utrecht Centraal"
"5657","Sprinter","Zwolle"
"5658","Sprinter","Utrecht Centraal"
"5659","Sprinter","Zwolle"
"5660","Sprinter","Utrecht Centraal"
"5661","Sprinter","Zwolle"
"5662","Sprinter","Utrecht Centraal"
"5663","Sprinter","Zwolle"
"5664","Sprinter","Utrecht Centraal"
"5665","Sprinter","Zwolle"
"5666","Sprinter","Utrecht Centraal"
"5667","Sprinter","Zwolle"
"5668","Sprinter","Utrecht Centraal"
"5669","Sprinter","Zwolle"
"567","Intercity","Groningen"
"5670","Sprinter","Utrecht Centraal"
"5671","Sprinter","Zwolle"
"5672","Sprinter","Utrecht Centraal"
"5673","Sprinter","Zwolle"
"5674","Sprinter","Utrecht Centraal"
"5675","Sprinter","Zwolle"
"5676","Sprinter","Utrecht Centraal"
"5677","Sprinter","Zwolle"
"5678","Sprinter","Utrecht Centraal"
"568","Intercity","Rotterdam Centraal"
"571","Intercity","Groningen"
"572","Intercity","Rotterdam Centraal"
"5740","Sprinter","Den Haag Centraal"
"5742","Sprinter","Den Haag Centraal"
"5744","Sprinter","Den Haag Centraal"
"5745","Sprinter","Utrecht Centraal"
"5746","Sprinter","Weesp"
"5747","Sprinter","Utrecht Centraal"
"5748","Sprinter","Den Haag Centraal"
"5749","Sprinter","Hilversum"
"575","Intercity","Groningen"
"5750","Sprinter","Weesp"
"5751","Sprinter","Utrecht Centraal"
"5752","Sprinter","Weesp"
"5753","Sprinter","Hilversum"
"5754","Sprinter","Weesp"
"5755","Sprinter","Hilversum"
"5756","Sprinter","Weesp"
"5757","Sprinter","Weesp"
"5758","Sprinter","Weesp"
"5759","Sprinter","Weesp"
"576","Intercity","Rotterdam Centraal"
"5760","Sprinter","Weesp"
"5761","Sprinter","Weesp"
"5762","Sprinter","Weesp"
"5763","Sprinter","Weesp"
"5764","Sprinter","Weesp"
"5765","Sprinter","Weesp"
"5766","Sprinter","Weesp"
"5767","Sprinter","Weesp"
"5768","Sprinter","Weesp"
"5769","Sprinter","Weesp"
"5770","Sprinter","Weesp"
"5771","Sprinter","Weesp"
"5772","Sprinter","Weesp"
"5773","Sprinter","Weesp"
"5774","Sprinter","Weesp"
"5775","Sprinter","Weesp"
"5776","Sprinter","Weesp"
"5777","Sprinter","Weesp"
"5779","Sprinter","Weesp"
"5781","Sprinter","Weesp"
"579","Intercity","Groningen"
"580","Intercity","Rotterdam Centraal"
"5840","Sprinter","Hoofddorp"
"5842","Sprinter","Hoofddorp"
"5844","Sprinter","Hoofddorp"
"5846","Sprinter","Hoofddorp"
"5847","Sprinter","Amersfoort Vathorst"
"5848","Sprinter","Hoofddorp"
"5849","Sprinter","Amersfoort Vathorst"
"5850","Sprinter","Hoofddorp"
"5851","Sprinter","Amersfoort Vathorst"
"5852","Sprinter","Hoofddorp"
"5853","Sprinter","Amersfoort Vathorst"
"5854","Sprinter","Hoofddorp"
"5855","Sprinter","Amersfoort Vathorst"
"5856","Sprinter","Hoofddorp"
"5857","Sprinter","Amersfoort Vathorst"
"5858","Sprinter","Hoofddorp"
"5859","Sprinter","Amersfoort Vathorst"
"5860","Sprinter","Hoofddorp"
"5861","Sprinter","Amersfoort Vathorst"
"5862","Sprinter","Hoofddorp"
"5863","Sprinter","Amersfoort Vathorst"
"5864","Sprinter","Hoofddorp"
"5865","Sprinter","Amersfoort Vathorst"
"5866","Sprinter","Hoofddorp"
"5867","Sprinter","Amersfoort Vathorst"
"5868","Sprinter","Hoofddorp"
"5869","Sprinter","Amersfoort"
"5870","Sprinter","Hoofddorp"
"5871","Sprinter","Amersfoort"
"5872","Sprinter","Hoofddorp"
"5873","Sprinter","Amersfoort"
"5874","Sprinter","Hoofddorp"
"5875","Sprinter","Amersfoort"
"5877","Sprinter","Amersfoort"
"5879","Sprinter","Amersfoort"
"5881","Sprinter","Amersfoort"
"6046","Sprinter","Utrecht Centraal"
"6047","Sprinter","Tiel"
"6048","Sprinter","Utrecht Centraal"
"6049","Sprinter","Tiel"
"6050","Sprinter","Utrecht Centraal"
"6051","Sprinter","Tiel"
"6052","Sprinter","Utrecht Centraal"
"6053","Sprinter","Tiel"
"6054","Sprinter","Utrecht Centraal"
"6055","Sprinter","Tiel"
"6056","Sprinter","Utrecht Centraal"
"6057","Sprinter","Tiel"
"6058","Sprinter","Utrecht Centraal"
"6059","Sprinter","Tiel"
"6060","Sprinter","Utrecht Centraal"
"6061","Sprinter","Tiel"
"6062","Sprinter","Utrecht Centraal"
"6063","Sprinter","Tiel"
"6064","Sprinter","Utrecht Centraal"
"6065","Sprinter","Tiel"
"6066","Sprinter","Utrecht Centraal"
"6067","Sprinter","Tiel"
"6068","Sprinter","Utrecht Centraal"
"6069","Sprinter","Tiel"
"6070","Sprinter","Utrecht Centraal"
"6071","Sprinter","Tiel"
"6072","Sprinter","Utrecht Centraal"
"6073","Sprinter","Tiel"
"6074","Sprinter","Utrecht Centraal"
"6075","Sprinter","Tiel"
"6076","Sprinter","Utrecht Centraal"
"6077","Sprinter","Tiel"
"6079","Sprinter","Tiel"
"6142","Sprinter","Woerden"
"6144","Sprinter","Woerden"
"6146","Sprinter","Woerden"
"6148","Sprinter","Woerden"
"6149","Sprinter","Utrecht Centraal"
"6150","Sprinter","Woerden"
"6151","Sprinter","Utrecht Centraal"
"6152","Sprinter","Woerden"
"6153","Sprinter","Utrecht Centraal"
"6154","Sprinter","Woerden"
"6155","Sprinter","Utrecht Centraal"
"6156","Sprinter","Woerden"
"6157","Sprinter","Utrecht Centraal"
"6158","Sprinter","Woerden"
"6159","Sprinter","Utrecht Centraal"
"6160","Sprinter","Woerden"
"6161","Sprinter","Utrecht Centraal"
"6162","Sprinter","Woerden"
"6163","Sprinter","Utrecht Centraal"
"6164","Sprinter","Woerden"
"6165","Sprinter","Utrecht Centraal"
"6166","Sprinter","Woerden"
"6167","Sprinter","Utrecht Centraal"
"6169","Sprinter","Utrecht Centraal"
"6171","Sprinter","Utrecht Centraal"
"6173","Sprinter","Utrecht Centraal"
"6336","Sprinter","Haarlem"
"6338","Sprinter","Haarlem"
"6340","Sprinter","Haarlem"
"6342","Sprinter","Haarlem"
"6344","Sprinter","Haarlem"
"6346","Sprinter","Haarlem"
"6348","Sprinter","Haarlem"
"6350","Sprinter","Haarlem"
"6352","Sprinter","Haarlem"
"6353","Sprinter","Den Haag Centraal"
"6354","Sprinter","Haarlem"
"6355","Sprinter","Den Haag Centraal"
"6356","Sprinter","Haarlem"
"6357","Sprinter","Den Haag Centraal"
"6358","Sprinter","Haarlem"
"6359","Sprinter","Den Haag Centraal"
"6360","Sprinter","Haarlem"
"6361","Sprinter","Den Haag Centraal"
"6362","Sprinter","Haarlem"
"6363","Sprinter","Den Haag Centraal"
"6364","Sprinter","Haarlem"
"6365","Sprinter","Den Haag Centraal"
"6366","Sprinter","Haarlem"
"6367","Sprinter","Den Haag Centraal"
"6369","Sprinter","Den Haag Centraal"
"6371","Sprinter","Den Haag Centraal"
"6373","Sprinter","Den Haag Centraal"
"6375","Sprinter","Den Haag Centraal"
"6377","Sprinter","Den Haag Centraal"
"6379","Sprinter","Leiden Centraal"
"6381","Sprinter","Leiden Centraal"
"6383","Sprinter","Leiden Centraal"
"6385","Sprinter","Leiden Centraal"
"6445","Sprinter","Weert"
"6447","Sprinter","Weert"
"6449","Sprinter","Weert"
"6450","Sprinter","Eindhoven"
"6451","Sprinter","Weert"
"6452","Sprinter","Eindhoven"
"6453","Sprinter","Weert"
"6454","Sprinter","Eindhoven"
"6455","Sprinter","Weert"
"6456","Sprinter","Eindhoven"
"6457","Sprinter","Weert"
"6458","Sprinter","Eindhoven"
"6459","Sprinter","Weert"
"6460","Sprinter","Eindhoven"
"6461","Sprinter","Weert"
"6462","Sprinter","Eindhoven"
"6463","Sprinter","Weert"
"6464","Sprinter","Eindhoven"
"6465","Sprinter","Weert"
"6466","Sprinter","Eindhoven"
"6467","Sprinter","Weert"
"6468","Sprinter","Eindhoven"
"6470","Sprinter","Eindhoven"
"6471","Sprinter","Weert"
"6472","Sprinter","Eindhoven"
"6473","Sprinter","Weert"
"6474","Sprinter","Eindhoven"
"6475","Sprinter","Weert"
"6476","Sprinter","Eindhoven"
"6480","Sprinter","Eindhoven"
"6841","Sprinter","Maastricht Randwyck"
"6843","Sprinter","Maastricht Randwyck"
"6845","Sprinter","Maastricht Randwyck"
"6847","Sprinter","Maastricht Randwyck"
"6849","Sprinter","Maastricht Randwyck"
"6851","Sprinter","Maastricht Randwyck"
"6852","Sprinter","Roermond"
"6853","Sprinter","Maastricht Randwyck"
"6854","Sprinter","Roermond"
"6855","Sprinter","Maastricht Randwyck"
"6856","Sprinter","Roermond"
"6857","Sprinter","Maastricht Randwyck"
"6858","Sprinter","Roermond"
"6859","Sprinter","Maastricht Randwyck"
"6860","Sprinter","Roermond"
"6861","Sprinter","Maastricht Randwyck"
"6862","Sprinter","Roermond"
"6863","Sprinter","Maastricht Randwyck"
"6864","Sprinter","Roermond"
"6865","Sprinter","Maastricht Randwyck"
"6866","Sprinter","Roermond"
"6868","Sprinter","Roermond"
"6869","Sprinter","Maastricht Randwyck"
"6870","Sprinter","Roermond"
"6872","Sprinter","Roermond"
"6873","Sprinter","Maastricht Randwyck"
"6874","Sprinter","Roermond"
"6876","Sprinter","Roermond"
"6878","Sprinter","Roermond"
"6882","Sprinter","Roermond"
"6939","Sprinter","Heerlen"
"6941","Sprinter","Heerlen"
"6943","Sprinter","Heerlen"
"6945","Sprinter","Heerlen"
"6947","Sprinter","Heerlen"
"6949","Sprinter","Heerlen"
"6951","Sprinter","Heerlen"
"6952","Sprinter","Sittard"
"6953","Sprinter","Heerlen"
"6954","Sprinter","Sittard"
"6955","Sprinter","Heerlen"
"6956","Sprinter","Hoensbroek"
"6957","Sprinter","Heerlen"
"6958","Sprinter","Sittard"
"6959","Sprinter","Heerlen"
"6960","Sprinter","Sittard"
"6961","Sprinter","Heerlen"
"6962","Sprinter","Sittard"
"6963","Sprinter","Heerlen"
"6964","Sprinter","Sittard"
"6965","Sprinter","Heerlen"
"6966","Sprinter","Sittard"
"6968","Sprinter","Sittard"
"6969","Sprinter","Heerlen"
"6970","Sprinter","Sittard"
"6972","Sprinter","Sittard"
"6974","Sprinter","Sittard"
"6976","Sprinter","Sittard"
"6980","Sprinter","Sittard"
"7041","Sprinter","Enschede"
"7043","Sprinter","Enschede"
"7045","Sprinter","Enschede"
"7047","Sprinter","Enschede"
"7048","Sprinter","Apeldoorn"
"7049","Sprinter","Enschede"
"7050","Sprinter","Apeldoorn"
"7051","Sprinter","Enschede"
"7052","Sprinter","Apeldoorn"
"7053","Sprinter","Enschede"
"7054","Sprinter","Apeldoorn"
"7055","Sprinter","Enschede"
"7056","Sprinter","Apeldoorn"
"7057","Sprinter","Enschede"
"7058","Sprinter","Apeldoorn"
"7059","Sprinter","Enschede"
"7060","Sprinter","Apeldoorn"
"7061","Sprinter","Enschede"
"7062","Sprinter","Apeldoorn"
"7063","Sprinter","Enschede"
"7064","Sprinter","Apeldoorn"
"7065","Sprinter","Enschede"
"7066","Sprinter","Apeldoorn"
"7067","Sprinter","Almelo"
"7068","Sprinter","Apeldoorn"
"7069","Sprinter","Almelo"
"7070","Sprinter","Apeldoorn"
"7071","Sprinter","Almelo"
"7072","Sprinter","Apeldoorn"
"7073","Sprinter","Almelo"
"7074","Sprinter","Apeldoorn"
"7075","Sprinter","Almelo"
"7076","Sprinter","Deventer"
"7078","Sprinter","Apeldoorn"
"7080","Sprinter","Deventer"
"742","Intercity","Den Haag Centraal"
"7444","Sprinter","Breukelen"
"7446","Sprinter","Breukelen"
"7447","Sprinter","Rhenen"
"7448","Sprinter","Uitgeest"
"7449","Sprinter","Rhenen"
"745","Intercity","Groningen"
"7450","Sprinter","Uitgeest"
"7451","Sprinter","Rhenen"
"7452","Sprinter","Uitgeest"
"7453","Sprinter","Rhenen"
"7454","Sprinter","Uitgeest"
"7455","Sprinter","Rhenen"
"7456","Sprinter","Uitgeest"
"7457","Sprinter","Rhenen"
"7458","Sprinter","Uitgeest"
"7459","Sprinter","Rhenen"
"746","Intercity","Den Haag Centraal"
"7460","Sprinter","Breukelen"
"7461","Sprinter","Rhenen"
"7462","Sprinter","Breukelen"
"7463","Sprinter","Rhenen"
"7464","Sprinter","Breukelen"
"7465","Sprinter","Rhenen"
"7466","Sprinter","Breukelen"
"7467","Sprinter","Rhenen"
"7468","Sprinter","Breukelen"
"7469","Sprinter","Rhenen"
"7470","Sprinter","Breukelen"
"7471","Sprinter","Rhenen"
"7472","Sprinter","Breukelen"
"7473","Sprinter","Rhenen"
"7474","Sprinter","Breukelen"
"7475","Sprinter","Rhenen"
"7477","Sprinter","Rhenen"
"7479","Sprinter","Rhenen"
"749","Intercity","Groningen"
"750","Intercity","Den Haag Centraal"
"753","Intercity","Groningen"
"754","Intercity","Den Haag Centraal"
"7547","Sprinter","Arnhem"
"7548","Sprinter","Ede-Wageningen"
"7549","Sprinter","Arnhem"
"7550","Sprinter","Ede-Wageningen"
"7551","Sprinter","Arnhem"
"7552","Sprinter","Ede-Wageningen"
"7553","Sprinter","Arnhem"
"7554","Sprinter","Ede-Wageningen"
"7555","Sprinter","Arnhem"
"7556","Sprinter","Ede-Wageningen"
"7557","Sprinter","Arnhem"
"7558","Sprinter","Ede-Wageningen"
"7559","Sprinter","Arnhem"
"7560","Sprinter","Ede-Wageningen"
"7561","Sprinter","Arnhem"
"7562","Sprinter","Ede-Wageningen"
"7563","Sprinter","Arnhem"
"7564","Sprinter","Ede-Wageningen"
"7565","Sprinter","Arnhem"
"7566","Sprinter","Ede-Wageningen"
"7567","Sprinter","Arnhem"
"7568","Sprinter","Ede-Wageningen"
"7569","Sprinter","Arnhem"
"757","Intercity","Groningen"
"7570","Sprinter","Ede-Wageningen"
"7571","Sprinter","Arnhem"
"7574","Sprinter","Ede-Wageningen"
"7575","Sprinter","Arnhem"
"7578","Sprinter","Ede-Wageningen"
"758","Intercity","Den Haag Centraal"
"761","Intercity","Groningen"
"762","Intercity","Den Haag Centraal"
"7645","Sprinter","Zutphen"
"7647","Sprinter","Zutphen"
"7648","Sprinter","Nijmegen"
"7649","Sprinter","Zutphen"
"765","Intercity","Groningen"
"7650","Sprinter","Nijmegen"
"7651","Sprinter","Zutphen"
"7652","Sprinter","Nijmegen"
"7653","Sprinter","Zutphen"
"7654","Sprinter","Nijmegen"
"7655","Sprinter","Zutphen"
"7656","Sprinter","Nijmegen"
"7657","Sprinter","Zutphen"
"7658","Sprinter","Nijmegen"
"7659","Sprinter","Zutphen"
"766","Intercity","Den Haag Centraal"
"7660","Sprinter","Nijmegen"
"7661","Sprinter","Zutphen"
"7662","Sprinter","Nijmegen"
"7663","Sprinter","Zutphen"
"7664","Sprinter","Nijmegen"
"7665","Sprinter","Zutphen"
"7666","Sprinter","Nijmegen"
"7667","Sprinter","Zutphen"
"7668","Sprinter","Nijmegen"
"7669","Sprinter","Zutphen"
"7670","Sprinter","Nijmegen"
"7671","Sprinter","Zutphen"
"7672","Sprinter","Nijmegen"
"7673","Sprinter","Zutphen"
"7674","Sprinter","Nijmegen"
"7675","Sprinter","Zutphen"
"7676","Sprinter","Nijmegen"
"7678","Sprinter","Nijmegen"
"769","Intercity","Groningen"
"770","Intercity","Den Haag Centraal"
"773","Intercity","Groningen"
"774","Intercity","Den Haag Centraal"
"777","Intercity","Groningen"
"7941","Sprinter","Enschede"
"7943","Sprinter","Enschede"
"7945","Sprinter","Enschede"
"7947","Sprinter","Enschede"
"7948","Sprinter","Zwolle"
"7949","Sprinter","Enschede"
"7950","Sprinter","Zwolle"
"7951","Sprinter","Enschede"
"7952","Sprinter","Zwolle"
"7953","Sprinter","Enschede"
"7954","Sprinter","Zwolle"
"7955","Sprinter","Enschede"
"7956","Sprinter","Zwolle"
"7957","Sprinter","Enschede"
"7958","Sprinter","Zwolle"
"7959","Sprinter","Enschede"
"7960","Sprinter","Zwolle"
"7961","Sprinter","Enschede"
"7962","Sprinter","Zwolle"
"7963","Sprinter","Enschede"
"7964","Sprinter","Zwolle"
"7965","Sprinter","Enschede"
"7966","Sprinter","Zwolle"
"7967","Sprinter","Enschede"
"7968","Sprinter","Zwolle"
"7969","Sprinter","Enschede"
"7970","Sprinter","Zwolle"
"7971","Sprinter","Enschede"
"7972","Sprinter","Zwolle"
"7973","Sprinter","Enschede"
"7974","Sprinter","Zwolle"
"7976","Sprinter","Zwolle"
"7978","Sprinter","Zwolle"
"7980","Sprinter","Zwolle"
"7982","Sprinter","Zwolle"
"8041","Stoptrein","Emmen"
"8045","Stoptrein","Emmen"
"8049","Stoptrein","Emmen"
"8053","Stoptrein","Emmen"
"8054","Stoptrein","Zwolle"
"8057","Stoptrein","Emmen"
"8058","Stoptrein","Zwolle"
"8061","Stoptrein","Emmen"
"8062","Stoptrein","Zwolle"
"8065","Stoptrein","Emmen"
"8066","Stoptrein","Zwolle"
"8069","Stoptrein","Emmen"
"8070","Stoptrein","Zwolle"
"8074","Stoptrein","Zwolle"
"8078","Stoptrein","Zwolle"
"8082","Stoptrein","Zwolle"
"8086","Stoptrein","Zwolle"
"840","Intercity","Alkmaar"
"842","Intercity","Alkmaar"
"843","Intercity","Maastricht"
"844","Intercity","Alkmaar"
"845","Intercity","Maastricht"
"846","Intercity","Alkmaar"
"847","Intercity","Maastricht"
"848","Intercity","Schagen"
"849","Intercity","Maastricht"
"850","Intercity","Schagen"
"851","Intercity","Maastricht"
"852","Intercity","Schagen"
"853","Intercity","Maastricht"
"854","Intercity","Schagen"
"8545","Sprinter","Kampen"
"8547","Sprinter","Kampen"
"8548","Sprinter","Zwolle"
"8549","Sprinter","Kampen"
"855","Intercity","Maastricht"
"8550","Sprinter","Zwolle"
"8551","Sprinter","Kampen"
"8552","Sprinter","Zwolle"
"8553","Sprinter","Kampen"
"8554","Sprinter","Zwolle"
"8555","Sprinter","Kampen"
"8556","Sprinter","Zwolle"
"8557","Sprinter","Kampen"
"8558","Sprinter","Zwolle"
"8559","Sprinter","Kampen"
"856","Intercity","Schagen"
"8560","Sprinter","Zwolle"
"8561","Sprinter","Kampen"
"8562","Sprinter","Zwolle"
"8563","Sprinter","Kampen"
"8564","Sprinter","Zwolle"
"8565","Sprinter","Kampen"
"8566","Sprinter","Zwolle"
"8567","Sprinter","Kampen"
"8568","Sprinter","Zwolle"
"8569","Sprinter","Kampen"
"857","Intercity","Maastricht"
"8570","Sprinter","Zwolle"
"8571","Sprinter","Kampen"
"8572","Sprinter","Zwolle"
"8573","Sprinter","Kampen"
"8574","Sprinter","Zwolle"
"8576","Sprinter","Zwolle"
"8578","Sprinter","Zwolle"
"858","Intercity","Schagen"
"859","Intercity","Maastricht"
"860","Intercity","Alkmaar"
"861","Intercity","Maastricht"
"862","Intercity","Alkmaar"
"863","Intercity","Maastricht"
"864","Intercity","Alkmaar"
"865","Intercity","Maastricht"
"866","Intercity","Amsterdam Centraal"
"867","Intercity","Maastricht"
"868","Intercity","Amsterdam Centraal"
"869","Intercity","Maastricht"
"870","Intercity","Amsterdam Centraal"
"871","Intercity","Maastricht"
"872","Intercity","Amsterdam Centraal"
"873","Intercity","Maastricht"
"874","Intercity","Amsterdam Centraal"
"875","Intercity","Maastricht"
"876","Intercity","Amsterdam Centraal"
"877","Intercity","Maastricht"
"878","Intercity","Amsterdam Centraal"
"879","Intercity","Maastricht"
"880","Intercity","Amsterdam Centraal"
"881","Intercity","Maastricht"
"882","Intercity","Amsterdam Centraal"
"8842","Intercity","Leiden Centraal"
"8844","Intercity","Leiden Centraal"
"8846","Intercity","Leiden Centraal"
"8848","Intercity","Leiden Centraal"
"8850","Intercity","Leiden Centraal"
"8851","Intercity","Utrecht Centraal"
"8852","Intercity","Leiden Centraal"
"8853","Intercity","Utrecht Centraal"
"8854","Intercity","Leiden Centraal"
"8855","Intercity","Utrecht Centraal"
"8856","Intercity","Leiden Centraal"
"8857","Intercity","Utrecht Centraal"
"8858","Intercity","Leiden Centraal"
"8859","Intercity","Utrecht Centraal"
"8860","Intercity","Leiden Centraal"
"8861","Intercity","Utrecht Centraal"
"8862","Intercity","Leiden Centraal"
"8863","Intercity","Utrecht Centraal"
"8864","Intercity","Leiden Centraal"
"8865","Intercity","Utrecht Centraal"
"8866","Intercity","Leiden Centraal"
"8867","Intercity","Utrecht Centraal"
"8868","Intercity","Leiden Centraal"
"8869","Intercity","Utrecht Centraal"
"8870","Intercity","Leiden Centraal"
"8871","Intercity","Utrecht Centraal"
"8872","Intercity","Woerden"
"8873","Intercity","Utrecht Centraal"
"8874","Intercity","Leiden Centraal"
"8875","Intercity","Utrecht Centraal"
"8877","Intercity","Utrecht Centraal"
"8879","Intercity","Utrecht Centraal"
"8881","Intercity","Utrecht Centraal"
"9043","Sprinter","Leeuwarden"
"9047","Sprinter","Leeuwarden"
"9050","Sprinter","Meppel"
"9051","Sprinter","Leeuwarden"
"9054","Sprinter","Meppel"
"9055","Sprinter","Leeuwarden"
"9058","Sprinter","Meppel"
"9059","Sprinter","Leeuwarden"
"9062","Sprinter","Meppel"
"9063","Sprinter","Leeuwarden"
"9066","Sprinter","Meppel"
"9067","Sprinter","Leeuwarden"
"9070","Sprinter","Meppel"
"9074","Sprinter","Meppel"
"9139","Sprinter","Groningen"
"9141","Sprinter","Groningen"
"9143","Sprinter","Groningen"
"9145","Sprinter","Groningen"
"9147","Sprinter","Groningen"
"9149","Sprinter","Groningen"
"9150","Sprinter","Zwolle"
"9151","Sprinter","Groningen"
"9152","Sprinter","Zwolle"
"9153","Sprinter","Groningen"
"9154","Sprinter","Zwolle"
"9155","Sprinter","Groningen"
"9156","Sprinter","Zwolle"
"9157","Sprinter","Groningen"
"9158","Sprinter","Zwolle"
"9159","Sprinter","Groningen"
"9160","Sprinter","Zwolle"
"9161","Sprinter","Groningen"
"9162","Sprinter","Zwolle"
"9163","Sprinter","Groningen"
"9164","Sprinter","Zwolle"
"9165","Sprinter","Groningen"
"9166","Sprinter","Zwolle"
"9167","Sprinter","Groningen"
"9168","Sprinter","Zwolle"
"9169","Sprinter","Groningen"
"9170","Sprinter","Zwolle"
"9171","Sprinter","Groningen"
"9172","Sprinter","Zwolle"
"9173","Sprinter","Groningen"
"9174","Sprinter","Zwolle"
"9176","Sprinter","Zwolle"
"9178","Sprinter","Zwolle"
"9180","Sprinter","Zwolle"
"9182","Sprinter","Zwolle"
"9235","Intercity","Amsterdam Centraal"
"9239","Intercity","Amsterdam Centraal"
"9240","Intercity","Brussel-Zuid/Midi"
"9243","Intercity","Amsterdam Centraal"
"9244","Intercity","Brussel-Zuid/Midi"
"9247","Intercity","Amsterdam Centraal"
"9248","Intercity","Brussel-Zuid/Midi"
"9251","Intercity","Amsterdam Centraal"
"9252","Intercity","Brussel-Zuid/Midi"
"9255","Intercity","Amsterdam Centraal"
"9256","Intercity","Brussel-Zuid/Midi"
"9259","Intercity","Amsterdam Centraal"
"9260","Intercity","Brussel-Zuid/Midi"
"9263","Intercity","Amsterdam Centraal"
"9264","Intercity","Brussel-Zuid/Midi"
"9267","Intercity","Amsterdam Centraal"
"9268","Intercity","Brussel-Zuid/Midi"
"9339","Thalys","Amsterdam Centraal"
"9351","Thalys","Amsterdam Centraal"
"9352","Thalys","Paris-Nord"
"9357","Thalys","Amsterdam Centraal"
"9358","Thalys","Paris-Nord"
"9363","Thalys","Amsterdam Centraal"
"9364","Thalys","Paris-Nord"
"9369","Thalys","Amsterdam Centraal"
"9375","Thalys","Amsterdam Centraal"
"9376","Thalys","Paris-Nord"
"9382","Thalys","Paris-Nord"
"9388","Thalys","Paris-Nord"
"9394","Thalys","Brussel-Zuid/Midi"
"9542","Sprinter","Alphen a/d Rijn"
"9544","Sprinter","Alphen a/d Rijn"
"9549","Sprinter","Gouda"
"9551","Sprinter","Gouda"
"9566","Sprinter","Alphen a/d Rijn"
"9568","Sprinter","Alphen a/d Rijn"
"9570","Sprinter","Alphen a/d Rijn"
"9572","Sprinter","Alphen a/d Rijn"
"9573","Sprinter","Gouda"
"9575","Sprinter","Gouda"
"9577","Sprinter","Gouda"
"9579","Sprinter","Gouda"
"9645","Sprinter","Deurne"
"9646","Sprinter","Nijmegen"
"9647","Sprinter","Deurne"
"9648","Sprinter","Nijmegen"
"9649","Sprinter","Deurne"
"9650","Sprinter","Nijmegen"
"9651","Sprinter","Deurne"
"9652","Sprinter","Nijmegen"
"9653","Sprinter","Deurne"
"9654","Sprinter","Nijmegen"
"9655","Sprinter","Deurne"
"9656","Sprinter","Nijmegen"
"9657","Sprinter","Deurne"
"9658","Sprinter","Nijmegen"
"9659","Sprinter","Deurne"
"9660","Sprinter","Nijmegen"
"9661","Sprinter","Deurne"
"9662","Sprinter","Nijmegen"
"9663","Sprinter","Deurne"
"9664","Sprinter","Nijmegen"
"9665","Sprinter","Deurne"
"9666","Sprinter","Nijmegen"
"9667","Sprinter","Deurne"
"9668","Sprinter","Nijmegen"
"9669","Sprinter","Deurne"
"9670","Sprinter","Nijmegen"
"9671","Sprinter","Deurne"
"9672","Sprinter","Nijmegen"
"9673","Sprinter","Eindhoven"
"9674","Sprinter","Nijmegen"
"9675","Sprinter","Deurne"
"9676","Sprinter","Nijmegen"
"9677","Sprinter","Eindhoven"
"9748","Sprinter","Rotterdam Centraal"
"9750","Sprinter","Rotterdam Centraal"
"9752","Sprinter","Rotterdam Centraal"
"9754","Sprinter","Rotterdam Centraal"
"9756","Sprinter","Rotterdam Centraal"
"9757","Sprinter","Gouda Goverwelle"
"9758","Sprinter","Rotterdam Centraal"
"9759","Sprinter","Gouda Goverwelle"
"9760","Sprinter","Rotterdam Centraal"
"9761","Sprinter","Gouda Goverwelle"
"9762","Sprinter","Rotterdam Centraal"
"9763","Sprinter","Gouda Goverwelle"
"9765","Sprinter","Gouda Goverwelle"
"9767","Sprinter","Gouda Goverwelle"
"9769","Sprinter","Gouda Goverwelle"
"9840","Sprinter","Den Haag Centraal"
"9842","Sprinter","Den Haag Centraal"
"9844","Sprinter","Den Haag Centraal"
"9846","Sprinter","Den Haag Centraal"
"9848","Sprinter","Den Haag Centraal"
"9850","Sprinter","Den Haag Centraal"
"9851","Sprinter","Utrecht Centraal"
"9852","Sprinter","Den Haag Centraal"
"9853","Sprinter","Utrecht Centraal"
"9854","Sprinter","Den Haag Centraal"
"9855","Sprinter","Utrecht Centraal"
"9856","Sprinter","Den Haag Centraal"
"9857","Sprinter","Utrecht Centraal"
"9858","Sprinter","Den Haag Centraal"
"9859","Sprinter","Utrecht Centraal"
"9860","Sprinter","Den Haag Centraal"
"9861","Sprinter","Utrecht Centraal"
"9862","Sprinter","Den Haag Centraal"
"9863","Sprinter","Utrecht Centraal"
"9864","Sprinter","Den Haag Centraal"
"9865","Sprinter","Utrecht Centraal"
"9866","Sprinter","Den Haag Centraal"
"9867","Sprinter","Utrecht Centraal"
"9868","Sprinter","Den Haag Centraal"
"9869","Sprinter","Utrecht Centraal"
"9870","Sprinter","Den Haag Centraal"
"9871","Sprinter","Utrecht Centraal"
"9872","Sprinter","Den Haag Centraal"
"9873","Sprinter","Utrecht Centraal"
"9874","Sprinter","Den Haag Centraal"
"9875","Sprinter","Utrecht Centraal"
"9877","Sprinter","Utrecht Centraal"
"9879","Sprinter","Utrecht Centraal"
"9881","Sprinter","Utrecht Centraal"
"9883","Sprinter","Utrecht Centraal"
"9993","Thalys","Amsterdam Centraal"
"MISFORMED","",""
